Name,Region,state,summit_elev,vertical_drop,base_elev,trams,fastEight,fastSixes,fastQuads,quad,triple,double,surface,total_chairs,Runs,TerrainParks,LongestRun_mi,SkiableTerrain_ac,Snow Making_ac,daysOpenLastYear,yearsOpen,averageSnowfall,AdultWeekend,projectedDaysOpen,NightSkiing_ac,resorts_per_state,resorts_per_100kcapita,resorts_per_100ksq_mile,resort_skiable_area_ac_state_ratio,resort_days_open_state_ratio,resort_terrain_park_state_ratio,resort_night_skiing_state_ratio,total_chairs_runs_ratio,total_chairs_skiable_ratio,fastQuads_runs_ratio,fastQuads_skiable_ratio
Alyeska Resort,Alaska,Alaska,3939,2500,250,1,0.0,0,2,2,0,0,2,7,76.0,2.0,1.0,1610.0,113.0,150.0,60.0,669.0,85.0,150.0,550.0,3,0.4100909718472548,0.45086746901037594,0.706140350877193,0.43478260869565216,0.5,0.9482758620689655,0.09210526315789473,0.004347826086956522,0.02631578947368421,0.0012422360248447205
Eaglecrest Ski Area,Alaska,Alaska,2600,1540,1200,0,0.0,0,0,0,0,4,0,4,36.0,1.0,2.0,640.0,60.0,45.0,44.0,350.0,53.0,90.0,,3,0.4100909718472548,0.45086746901037594,0.2807017543859649,0.13043478260869565,0.25,,0.1111111111111111,0.00625,0.0,0.0
Hilltop Ski Area,Alaska,Alaska,2090,294,1796,0,0.0,0,0,0,1,0,2,3,13.0,1.0,1.0,30.0,30.0,150.0,36.0,69.0,34.0,152.0,30.0,3,0.4100909718472548,0.45086746901037594,0.013157894736842105,0.43478260869565216,0.25,0.05172413793103448,0.23076923076923078,0.1,0.0,0.0
Arizona Snowbowl,Arizona,Arizona,11500,2300,9200,0,0.0,1,0,2,2,1,2,8,55.0,4.0,2.0,777.0,104.0,122.0,81.0,260.0,89.0,122.0,,2,0.027477369981550318,1.7545398719185894,0.49270767279644895,0.5147679324894515,0.6666666666666666,,0.14545454545454545,0.010296010296010296,0.0,0.0
Sunrise Park Resort,Arizona,Arizona,11100,1800,9200,0,,0,1,2,3,1,0,7,65.0,2.0,1.2,800.0,80.0,115.0,49.0,250.0,78.0,104.0,80.0,2,0.027477369981550318,1.7545398719185894,0.507292327203551,0.48523206751054854,0.3333333333333333,1.0,0.1076923076923077,0.00875,0.015384615384615385,0.00125
Yosemite Ski & Snowboard Area,Northern California,California,7800,600,7200,0,0.0,0,0,0,1,3,1,5,10.0,2.0,0.4,88.0,,110.0,84.0,300.0,47.0,107.0,,12,0.03037034894240195,7.330706496838633,0.00909090909090909,0.06662628709872805,0.06451612903225806,,0.5,0.056818181818181816,0.0,0.0
Dodge Ridge,Sierra Nevada,California,8200,1600,6600,0,0.0,0,0,1,2,5,4,12,67.0,5.0,2.0,862.0,,,69.0,350.0,78.0,140.0,,12,0.03037034894240195,7.330706496838633,0.08904958677685951,,0.16129032258064516,,0.1791044776119403,0.013921113689095127,0.0,0.0
Donner Ski Ranch,Sierra Nevada,California,8012,750,7031,0,0.0,0,0,0,1,5,2,8,52.0,2.0,1.5,505.0,60.0,163.0,82.0,400.0,75.0,170.0,,12,0.03037034894240195,7.330706496838633,0.052169421487603305,0.09872804360993337,0.06451612903225806,,0.15384615384615385,0.015841584158415842,0.0,0.0
Mammoth Mountain Ski Area,Sierra Nevada,California,11053,3100,7953,3,0.0,2,9,1,6,4,0,25,154.0,7.0,3.0,3500.0,700.0,243.0,66.0,400.0,159.0,,,12,0.03037034894240195,7.330706496838633,0.3615702479338843,0.14718352513628105,0.22580645161290322,,0.16233766233766234,0.007142857142857143,0.05844155844155844,0.0025714285714285713
Mt. Shasta Ski Park,Sierra Nevada,California,6890,1435,5500,0,,0,0,0,3,0,1,4,32.0,2.0,1.1,425.0,225.0,140.0,34.0,300.0,59.0,130.0,,12,0.03037034894240195,7.330706496838633,0.04390495867768595,0.08479709267110842,0.06451612903225806,,0.125,0.009411764705882352,0.0,0.0
Mountain High,Sierra Nevada,California,8200,1600,6600,0,,0,2,2,2,5,3,14,59.0,1.0,1.6,290.0,275.0,118.0,95.0,108.0,84.0,150.0,73.0,12,0.03037034894240195,7.330706496838633,0.029958677685950414,0.07147183525136282,0.03225806451612903,0.3080168776371308,0.23728813559322035,0.04827586206896552,0.03389830508474576,0.006896551724137931
Mt. Baldy,Sierra Nevada,California,8600,2100,6500,0,,0,0,0,0,4,0,4,26.0,,2.5,400.0,80.0,175.0,67.0,178.0,69.0,200.0,,12,0.03037034894240195,7.330706496838633,0.04132231404958678,0.10599636583888553,,,0.15384615384615385,0.01,0.0,0.0
Ski China Peak,Sierra Nevada,California,8709,1679,7030,0,0.0,0,0,1,4,2,4,11,45.0,1.0,2.2,1400.0,150.0,140.0,62.0,300.0,83.0,144.0,,12,0.03037034894240195,7.330706496838633,0.1446280991735537,0.08479709267110842,0.03225806451612903,,0.24444444444444444,0.007857142857142858,0.0,0.0
Snow Valley,Sierra Nevada,California,7841,1041,6800,0,,0,0,0,5,6,1,12,28.0,6.0,1.2,240.0,188.0,111.0,82.0,160.0,79.0,143.0,164.0,12,0.03037034894240195,7.330706496838633,0.024793388429752067,0.06723198061780739,0.1935483870967742,0.6919831223628692,0.42857142857142855,0.05,0.0,0.0
Soda Springs,Sierra Nevada,California,7352,652,6700,0,,0,0,0,1,1,2,4,18.0,,0.4,200.0,20.0,150.0,83.0,400.0,50.0,144.0,,12,0.03037034894240195,7.330706496838633,0.02066115702479339,0.09085402786190187,,,0.2222222222222222,0.02,0.0,0.0
Sugar Bowl Resort,Sierra Nevada,California,8383,1500,6883,1,0.0,0,5,3,1,0,2,12,105.0,3.0,3.0,1650.0,375.0,151.0,80.0,500.0,125.0,150.0,,12,0.03037034894240195,7.330706496838633,0.17045454545454544,0.09145972138098123,0.0967741935483871,,0.11428571428571428,0.007272727272727273,0.047619047619047616,0.0030303030303030303
Tahoe Donner,Sierra Nevada,California,7350,600,6750,0,0.0,0,0,1,1,0,3,5,14.0,2.0,1.0,120.0,,150.0,48.0,400.0,69.0,144.0,,12,0.03037034894240195,7.330706496838633,0.012396694214876033,0.09085402786190187,0.06451612903225806,,0.35714285714285715,0.041666666666666664,0.0,0.0
Arapahoe Basin Ski Area,Colorado,Colorado,13050,2530,10780,0,0.0,0,1,2,1,2,3,9,145.0,3.0,1.5,1428.0,125.0,230.0,73.0,350.0,85.0,233.0,,14,0.24310890445403296,13.449382289084866,0.030233739837398375,0.11482775836245632,0.075,,0.06206896551724138,0.0063025210084033615,0.006896551724137931,0.0007002801120448179
Aspen / Snowmass,Colorado,Colorado,12510,4406,8104,3,0.0,1,15,4,3,5,9,40,336.0,10.0,5.3,5517.0,658.0,138.0,72.0,300.0,179.0,138.0,,14,0.24310890445403296,13.449382289084866,0.11680640243902439,0.06889665501747379,0.25,,0.11904761904761904,0.0072503172013775605,0.044642857142857144,0.0027188689505165853
Copper Mountain Resort,Colorado,Colorado,12313,2738,9712,1,0.0,2,4,0,4,4,9,24,150.0,6.0,1.7,2527.0,364.0,164.0,47.0,300.0,158.0,164.0,,14,0.24310890445403296,13.449382289084866,0.05350186314363144,0.08187718422366451,0.15,,0.16,0.009497427779976256,0.02666666666666667,0.0015829046299960427
Purgatory,Colorado,Colorado,10822,2029,8793,0,0.0,1,2,0,3,3,3,12,101.0,9.0,1.3,1605.0,250.0,130.0,54.0,260.0,89.0,130.0,,14,0.24310890445403296,13.449382289084866,0.03398119918699187,0.06490264603095357,0.225,,0.1188118811881188,0.007476635514018692,0.019801980198019802,0.0012461059190031153
Howelsen Hill,Colorado,Colorado,7136,440,6696,0,,0,0,0,0,1,3,4,17.0,1.0,6.0,50.0,25.0,100.0,104.0,150.0,25.0,100.0,10.0,14,0.24310890445403296,13.449382289084866,0.0010586043360433603,0.04992511233150274,0.025,0.09090909090909091,0.23529411764705882,0.08,0.0,0.0
Loveland,Colorado,Colorado,13010,2210,10800,0,0.0,0,1,3,3,2,1,10,94.0,1.0,2.0,1800.0,240.0,205.0,82.0,422.0,79.0,184.0,,14,0.24310890445403296,13.449382289084866,0.038109756097560975,0.10234648027958063,0.025,,0.10638297872340426,0.005555555555555556,0.010638297872340425,0.0005555555555555556
Monarch Mountain,Colorado,Colorado,11952,1162,10790,0,0.0,0,0,1,0,4,2,7,64.0,2.0,1.0,800.0,,143.0,80.0,350.0,89.0,136.0,,14,0.24310890445403296,13.449382289084866,0.016937669376693765,0.07139291063404893,0.05,,0.109375,0.00875,0.0,0.0
Powderhorn,Colorado,Colorado,9850,1650,8200,0,0.0,0,1,0,0,2,2,5,42.0,2.0,1.5,1600.0,42.0,111.0,53.0,250.0,71.0,110.0,,14,0.24310890445403296,13.449382289084866,0.03387533875338753,0.05541687468796805,0.05,,0.11904761904761904,0.003125,0.023809523809523808,0.000625
Silverton Mountain,Colorado,Colorado,13487,3087,10400,0,0.0,0,0,0,0,1,0,1,,,1.5,26819.0,,175.0,17.0,400.0,79.0,181.0,,14,0.24310890445403296,13.449382289084866,0.5678141937669376,0.08736894658012981,,,,3.72869980237891e-05,,0.0
Cooper,Colorado,Colorado,11700,1200,10500,0,0.0,0,0,0,1,1,2,4,41.0,1.0,1.0,400.0,,130.0,74.0,260.0,56.0,130.0,,14,0.24310890445403296,13.449382289084866,0.008468834688346883,0.06490264603095357,0.025,,0.0975609756097561,0.01,0.0,0.0
Ski Granby Ranch,Colorado,Colorado,9202,1000,8202,0,0.0,0,2,0,1,1,1,5,40.0,1.0,0.6,406.0,170.0,116.0,36.0,220.0,84.0,92.0,100.0,14,0.24310890445403296,13.449382289084866,0.008595867208672087,0.05791313030454318,0.025,0.9090909090909091,0.125,0.012315270935960592,0.05,0.0049261083743842365
Sunlight Mountain Resort,Colorado,Colorado,9895,2010,7885,0,0.0,0,0,0,1,2,0,3,67.0,1.0,2.5,680.0,30.0,100.0,53.0,250.0,65.0,135.0,,14,0.24310890445403296,13.449382289084866,0.014397018970189702,0.04992511233150274,0.025,,0.04477611940298507,0.004411764705882353,0.0,0.0
Telluride,Colorado,Colorado,13150,4425,8725,2,0.0,0,6,1,2,2,4,17,148.0,3.0,4.6,2000.0,220.0,131.0,47.0,280.0,139.0,137.0,,14,0.24310890445403296,13.449382289084866,0.04234417344173442,0.0654018971542686,0.075,,0.11486486486486487,0.0085,0.04054054054054054,0.003
Wolf Creek Ski Area,Colorado,Colorado,11904,1604,10300,0,0.0,0,3,1,2,1,3,10,120.0,,2.0,1600.0,5.0,130.0,80.0,430.0,72.0,150.0,,14,0.24310890445403296,13.449382289084866,0.03387533875338753,0.06490264603095357,,,0.08333333333333333,0.00625,0.025,0.001875
Mohawk Mountain,Connecticut,Connecticut,1600,650,950,0,,0,0,0,5,0,3,8,25.0,,1.5,107.0,100.0,,72.0,92.0,65.0,110.0,64.0,5,0.14024151833321272,90.20386072523904,0.2988826815642458,,,0.25,0.32,0.07476635514018691,0.0,0.0
Mount Southington Ski Area,Connecticut,Connecticut,525,425,100,0,,0,0,0,2,2,3,7,14.0,2.0,0.3,51.0,51.0,63.0,55.0,80.0,60.0,95.0,51.0,5,0.14024151833321272,90.20386072523904,0.1424581005586592,0.17847025495750707,0.2,0.19921875,0.5,0.13725490196078433,0.0,0.0
Powder Ridge Park,Connecticut,Connecticut,720,550,170,0,0.0,0,0,0,1,2,2,5,19.0,4.0,0.5,80.0,68.0,80.0,60.0,80.0,55.0,100.0,40.0,5,0.14024151833321272,90.20386072523904,0.22346368715083798,0.22662889518413598,0.4,0.15625,0.2631578947368421,0.0625,0.0,0.0
Ski Sundown,Connecticut,Connecticut,1075,625,450,0,0.0,0,0,0,3,0,2,5,16.0,2.0,1.0,70.0,70.0,84.0,50.0,45.0,62.0,95.0,66.0,5,0.14024151833321272,90.20386072523904,0.19553072625698323,0.23796033994334279,0.2,0.2578125,0.3125,0.07142857142857142,0.0,0.0
Woodbury Ski Area,Connecticut,Connecticut,730,300,430,0,,0,0,0,0,1,4,5,12.0,2.0,0.2,50.0,50.0,126.0,57.0,70.0,42.0,180.0,35.0,5,0.14024151833321272,90.20386072523904,0.13966480446927373,0.35694050991501414,0.2,0.13671875,0.4166666666666667,0.1,0.0,0.0
Bogus Basin,Idaho,Idaho,7582,1800,5800,0,,0,3,0,1,3,4,11,91.0,3.0,1.5,2600.0,,134.0,77.0,250.0,64.0,130.0,165.0,10,0.5595767361567711,11.966159700367362,0.18783412801618263,0.15783274440518258,0.16666666666666666,0.5238095238095238,0.12087912087912088,0.004230769230769231,0.03296703296703297,0.001153846153846154
Brundage Mountain Resort,Idaho,Idaho,7640,1800,5840,0,,0,1,0,4,0,1,6,51.0,2.0,3.2,1920.0,2.0,126.0,58.0,320.0,70.0,,,10,0.5595767361567711,11.966159700367362,0.13870827915041178,0.14840989399293286,0.1111111111111111,,0.11764705882352941,0.003125,0.0196078431372549,0.0005208333333333333
Kelly Canyon Ski Area,Idaho,Idaho,6600,1000,5600,0,,0,0,0,0,4,2,6,51.0,1.0,1.3,740.0,,,62.0,200.0,42.0,,,10,0.5595767361567711,11.966159700367362,0.05346048258922121,,0.05555555555555555,,0.11764705882352941,0.008108108108108109,0.0,0.0
Lookout Pass Ski Area,Idaho,Idaho,5650,1150,4500,0,0.0,0,0,0,1,3,0,4,35.0,2.0,1.5,540.0,,113.0,84.0,400.0,47.0,140.0,,10,0.5595767361567711,11.966159700367362,0.03901170351105332,0.1330977620730271,0.1111111111111111,,0.11428571428571428,0.007407407407407408,0.0,0.0
Magic Mountain Ski Area,Idaho,Idaho,7200,700,6500,0,,0,0,0,0,1,2,3,11.0,,1.5,280.0,,65.0,81.0,180.0,32.0,70.0,,10,0.5595767361567711,11.966159700367362,0.020228290709435052,0.07656065959952886,,,0.2727272727272727,0.010714285714285714,0.0,0.0
Pebble Creek Ski Area,Idaho,Idaho,8560,2200,6360,0,0.0,0,0,0,3,0,0,3,54.0,2.0,1.3,1100.0,30.0,85.0,70.0,250.0,47.0,91.0,30.0,10,0.5595767361567711,11.966159700367362,0.07946828492992342,0.10011778563015312,0.1111111111111111,0.09523809523809523,0.05555555555555555,0.0027272727272727275,0.0,0.0
Schweitzer,Idaho,Idaho,6400,2400,4000,0,0.0,1,2,0,1,3,2,9,92.0,3.0,2.1,2900.0,47.0,136.0,56.0,300.0,81.0,,100.0,10,0.5595767361567711,11.966159700367362,0.20950729663343448,0.160188457008245,0.16666666666666666,0.31746031746031744,0.09782608695652174,0.003103448275862069,0.021739130434782608,0.000689655172413793
Silver Mountain,Idaho,Idaho,6300,2200,4100,1,0.0,0,0,1,2,2,1,7,80.0,2.0,2.5,1600.0,225.0,130.0,29.0,300.0,62.0,193.0,20.0,10,0.5595767361567711,11.966159700367362,0.11559023262534315,0.15312131919905772,0.1111111111111111,0.06349206349206349,0.0875,0.004375,0.0,0.0
Soldier Mountain Ski Area,Idaho,Idaho,7200,1400,5800,0,,0,0,0,0,2,1,3,36.0,,0.4,1142.0,,60.0,71.0,,43.0,,,10,0.5595767361567711,11.966159700367362,0.08250252853633867,0.0706713780918728,,,0.08333333333333333,0.002626970227670753,0.0,0.0
Tamarack Resort,Idaho,Idaho,7700,2800,4900,0,0.0,0,2,2,0,0,2,6,48.0,3.0,1.5,1020.0,200.0,,15.0,300.0,71.0,150.0,,10,0.5595767361567711,11.966159700367362,0.07368877329865627,,0.16666666666666666,,0.125,0.0058823529411764705,0.041666666666666664,0.00196078431372549
Chestnut Mountain Resort,Illinois,Illinois,1040,475,565,0,,0,0,2,4,0,3,9,22.0,3.0,0.2,139.0,139.0,87.0,60.0,50.0,55.0,112.0,139.0,3,0.023674576842586396,5.180094623061781,0.7637362637362637,0.6083916083916084,0.6,0.7637362637362637,0.4090909090909091,0.06474820143884892,0.0,0.0
Ski Snowstar Winter Sports Park,Illinois,Illinois,790,262,528,0,,0,0,2,0,2,2,6,15.0,1.0,0.8,28.0,28.0,56.0,38.0,38.0,35.0,86.0,28.0,3,0.023674576842586396,5.180094623061781,0.15384615384615385,0.3916083916083916,0.2,0.15384615384615385,0.4,0.21428571428571427,0.0,0.0
Villa Olivia,Illinois,Illinois,500,180,320,0,,0,0,1,0,0,6,7,7.0,1.0,0.1,15.0,15.0,,53.0,25.0,40.0,70.0,15.0,3,0.023674576842586396,5.180094623061781,0.08241758241758242,,0.2,0.08241758241758242,1.0,0.4666666666666667,0.0,0.0
Paoli Peaks,Indiana,Indiana,900,300,600,0,0.0,0,1,1,3,1,2,8,15.0,2.0,0.4,65.0,65.0,75.0,41.0,18.0,45.0,80.0,65.0,2,0.02970788680522722,5.491488193300384,0.3939393939393939,0.47770700636942676,0.5,0.3939393939393939,0.5333333333333333,0.12307692307692308,0.06666666666666667,0.015384615384615385
Perfect North Slopes,Indiana,Indiana,800,400,400,0,,0,0,2,3,0,6,11,23.0,2.0,1.0,100.0,100.0,82.0,39.0,24.0,52.0,90.0,100.0,2,0.02970788680522722,5.491488193300384,0.6060606060606061,0.5222929936305732,0.5,0.6060606060606061,0.4782608695652174,0.11,0.0,0.0
Mt. Crescent Ski Area,Iowa,Iowa,1500,300,1200,0,,0,0,1,0,1,0,2,11.0,1.0,0.2,50.0,50.0,,58.0,30.0,39.0,,50.0,3,0.0950850535804277,5.3311534839088015,0.35714285714285715,,0.2,0.35714285714285715,0.18181818181818182,0.04,0.0,0.0
Seven Oaks,Iowa,Iowa,975,275,800,0,0.0,0,0,0,2,0,2,4,11.0,2.0,1.0,35.0,35.0,100.0,22.0,40.0,40.0,100.0,35.0,3,0.0950850535804277,5.3311534839088015,0.25,1.0,0.4,0.25,0.36363636363636365,0.11428571428571428,0.0,0.0
Sundown Mountain,Iowa,Iowa,1059,475,584,0,,0,0,1,1,2,2,6,21.0,2.0,0.6,55.0,55.0,,46.0,45.0,46.0,,55.0,3,0.0950850535804277,5.3311534839088015,0.39285714285714285,,0.4,0.39285714285714285,0.2857142857142857,0.10909090909090909,0.0,0.0
Big Squaw Mountain Ski Resort,Maine,Maine,3200,660,1750,0,,0,0,0,1,0,0,1,29.0,,0.8,,,67.0,6.0,,30.0,58.0,,8,0.595144218322705,22.611644997173546,,0.07745664739884393,,,0.034482758620689655,,0.0,
Camden Snow Bowl,Maine,Maine,1080,850,150,0,,0,0,0,1,1,1,3,26.0,2.0,1.0,100.0,48.0,68.0,83.0,69.0,43.0,70.0,48.0,8,0.595144218322705,22.611644997173546,0.031210986267166042,0.07861271676300578,0.11764705882352941,0.12371134020618557,0.11538461538461539,0.03,0.0,0.0
Lost Valley,Maine,Maine,495,240,255,0,,0,0,0,0,2,2,4,22.0,2.0,0.3,45.0,45.0,87.0,58.0,50.0,55.0,104.0,45.0,8,0.595144218322705,22.611644997173546,0.014044943820224719,0.10057803468208093,0.11764705882352941,0.11597938144329897,0.18181818181818182,0.08888888888888889,0.0,0.0
Mt. Abram Ski Resort,Maine,Maine,2250,1150,1050,0,0.0,0,0,0,0,2,3,5,54.0,1.0,0.5,640.0,175.0,120.0,59.0,125.0,49.0,120.0,,8,0.595144218322705,22.611644997173546,0.19975031210986266,0.13872832369942195,0.058823529411764705,,0.09259259259259259,0.0078125,0.0,0.0
New Hermon Mountain,Maine,Maine,450,350,100,0,,0,0,0,0,1,2,3,20.0,,1.9,70.0,70.0,102.0,55.0,90.0,32.0,117.0,45.0,8,0.595144218322705,22.611644997173546,0.02184769038701623,0.11791907514450867,,0.11597938144329897,0.15,0.04285714285714286,0.0,0.0
Shawnee Peak,Maine,Maine,1900,1350,600,0,,0,0,1,2,1,2,6,43.0,3.0,0.8,239.0,234.0,97.0,81.0,110.0,75.0,103.0,110.0,8,0.595144218322705,22.611644997173546,0.07459425717852684,0.11213872832369942,0.17647058823529413,0.28350515463917525,0.13953488372093023,0.02510460251046025,0.0,0.0
Sugarloaf,Maine,Maine,4237,2820,1417,0,0.0,0,2,3,1,5,2,13,162.0,4.0,3.5,1240.0,618.0,159.0,68.0,200.0,99.0,155.0,,8,0.595144218322705,22.611644997173546,0.38701622971285893,0.1838150289017341,0.23529411764705882,,0.08024691358024691,0.010483870967741936,0.012345679012345678,0.0016129032258064516
Sunday River,Maine,Maine,3140,2340,800,1,0.0,0,4,5,3,1,1,15,135.0,5.0,3.0,870.0,552.0,165.0,60.0,167.0,105.0,169.0,140.0,8,0.595144218322705,22.611644997173546,0.27153558052434457,0.1907514450867052,0.29411764705882354,0.36082474226804123,0.1111111111111111,0.017241379310344827,0.02962962962962963,0.004597701149425287
Wisp,Maryland,Maryland,3115,700,2415,0,,0,0,2,5,0,5,12,34.0,3.0,1.5,172.0,118.0,121.0,64.0,100.0,79.0,120.0,118.0,1,0.016540736525916026,8.060615831049493,1.0,1.0,1.0,1.0,0.35294117647058826,0.06976744186046512,0.0,0.0
Berkshire East,Massachusetts,Massachusetts,1720,1180,540,0,,0,0,2,1,1,2,6,47.0,2.0,2.0,180.0,165.0,120.0,68.0,120.0,68.0,120.0,80.0,10,0.14224919013979823,94.74182851729039,0.16057091882247992,0.21201413427561838,0.11764705882352941,0.14678899082568808,0.1276595744680851,0.03333333333333333,0.0,0.0
Blandford Ski Area,Massachusetts,Massachusetts,1685,465,1035,0,0.0,0,0,0,0,3,2,5,29.0,2.0,0.5,132.0,70.0,,83.0,50.0,45.0,,70.0,10,0.14224919013979823,94.74182851729039,0.11775200713648529,,0.11764705882352941,0.12844036697247707,0.1724137931034483,0.03787878787878788,0.0,0.0
Blue Hills Ski Area,Massachusetts,Massachusetts,635,309,326,0,0.0,0,0,0,0,1,3,4,16.0,1.0,,60.0,60.0,,19.0,,45.0,,,10,0.14224919013979823,94.74182851729039,0.05352363960749331,,0.058823529411764705,,0.25,0.06666666666666667,0.0,0.0
Bousquet Ski Area,Massachusetts,Massachusetts,1875,750,1125,0,,0,0,0,0,3,2,5,23.0,1.0,1.0,200.0,98.0,,19.0,83.0,49.0,,100.0,10,0.14224919013979823,94.74182851729039,0.1784121320249777,,0.058823529411764705,0.1834862385321101,0.21739130434782608,0.025,0.0,0.0
Bradford Ski Area,Massachusetts,Massachusetts,1548,248,1300,0,,0,0,0,2,0,8,10,15.0,1.0,0.3,48.0,48.0,,71.0,,55.0,,,10,0.14224919013979823,94.74182851729039,0.042818911685994644,,0.058823529411764705,,0.6666666666666666,0.20833333333333334,0.0,0.0
Jiminy Peak,Massachusetts,Massachusetts,2380,1150,1230,0,0.0,1,0,2,3,1,2,9,45.0,3.0,2.0,167.0,163.0,121.0,71.0,90.0,81.0,120.0,104.0,10,0.14224919013979823,94.74182851729039,0.14897413024085637,0.2137809187279152,0.17647058823529413,0.1908256880733945,0.2,0.05389221556886228,0.0,0.0
Nashoba Valley,Massachusetts,Massachusetts,440,240,200,0,,0,0,0,3,1,7,11,17.0,2.0,0.5,52.0,52.0,112.0,55.0,55.0,58.0,126.0,52.0,10,0.14224919013979823,94.74182851729039,0.0463871543264942,0.1978798586572438,0.11764705882352941,0.09541284403669725,0.6470588235294118,0.21153846153846154,0.0,0.0
Otis Ridge Ski Area,Massachusetts,Massachusetts,1700,400,1300,0,,0,0,0,0,1,3,4,11.0,1.0,1.0,60.0,55.0,106.0,73.0,70.0,40.0,106.0,35.0,10,0.14224919013979823,94.74182851729039,0.05352363960749331,0.1872791519434629,0.058823529411764705,0.06422018348623854,0.36363636363636365,0.06666666666666667,0.0,0.0
Ski Butternut,Massachusetts,Massachusetts,1800,1000,800,0,0.0,0,0,3,1,1,6,11,22.0,2.0,1.5,110.0,110.0,107.0,56.0,115.0,60.0,110.0,,10,0.14224919013979823,94.74182851729039,0.09812667261373774,0.18904593639575973,0.11764705882352941,,0.5,0.1,0.0,0.0
Wachusett Mountain Ski Area,Massachusetts,Massachusetts,2006,1000,1006,0,0.0,0,3,0,1,0,4,8,27.0,2.0,1.5,112.0,112.0,,57.0,100.0,71.0,120.0,104.0,10,0.14224919013979823,94.74182851729039,0.09991079393398751,,0.11764705882352941,0.1908256880733945,0.2962962962962963,0.07142857142857142,0.1111111111111111,0.026785714285714284
Alpine Valley Ski Area,Michigan,Michigan,500,240,126,0,,0,0,1,2,5,6,14,25.0,3.0,0.2,100.0,100.0,,57.0,20.0,47.0,,100.0,26,0.2603421677110226,26.88338813408607,0.026164311878597593,,0.05660377358490566,0.06341154090044387,0.56,0.14,0.0,0.0
Apple Mountain,Michigan,Michigan,820,220,600,0,0.0,0,0,1,0,0,5,6,12.0,,,80.0,42.0,,58.0,52.0,35.0,,80.0,26,0.2603421677110226,26.88338813408607,0.020931449502878074,,,0.05072923272035511,0.5,0.075,0.0,0.0
Big Powderhorn Mountain,Michigan,Michigan,1800,600,1200,0,0.0,0,0,0,0,9,1,10,45.0,2.0,1.0,253.0,228.0,100.0,55.0,214.0,69.0,108.0,,26,0.2603421677110226,26.88338813408607,0.06619570905285191,0.048426150121065374,0.03773584905660377,,0.2222222222222222,0.039525691699604744,0.0,0.0
Bittersweet Ski Area,Michigan,Michigan,850,350,450,0,0.0,0,0,1,7,0,4,12,20.0,2.0,0.2,100.0,100.0,80.0,36.0,90.0,48.0,,100.0,26,0.2603421677110226,26.88338813408607,0.026164311878597593,0.0387409200968523,0.03773584905660377,0.06341154090044387,0.6,0.12,0.0,0.0
Big Snow Resort - Blackjack,Michigan,Michigan,850,465,385,0,0.0,0,0,0,0,4,2,6,26.0,2.0,1.0,170.0,86.0,95.0,42.0,210.0,65.0,115.0,,26,0.2603421677110226,26.88338813408607,0.044479330193615906,0.04600484261501211,0.03773584905660377,,0.23076923076923078,0.03529411764705882,0.0,0.0
Boyne Highlands,Michigan,Michigan,1290,552,745,0,,0,1,3,4,0,2,10,55.0,4.0,1.2,435.0,400.0,97.0,56.0,140.0,98.0,120.0,150.0,26,0.2603421677110226,26.88338813408607,0.11381475667189953,0.04697336561743341,0.07547169811320754,0.09511731135066583,0.18181818181818182,0.022988505747126436,0.01818181818181818,0.0022988505747126436
Caberfae Peaks,Michigan,Michigan,1569,485,1060,0,,0,0,1,2,1,1,5,34.0,2.0,1.2,200.0,200.0,118.0,82.0,140.0,49.0,130.0,150.0,26,0.2603421677110226,26.88338813408607,0.052328623757195186,0.05714285714285714,0.03773584905660377,0.09511731135066583,0.14705882352941177,0.025,0.0,0.0
Cannonsburg,Michigan,Michigan,1100,250,850,0,,0,0,1,1,1,7,10,21.0,5.0,0.1,100.0,,100.0,54.0,100.0,37.0,100.0,,26,0.2603421677110226,26.88338813408607,0.026164311878597593,0.048426150121065374,0.09433962264150944,,0.47619047619047616,0.1,0.0,0.0
Crystal Mountain,Michigan,Michigan,1132,375,757,0,0.0,0,1,3,2,0,2,8,58.0,3.0,0.3,102.0,96.0,120.0,63.0,132.0,64.0,135.0,56.0,26,0.2603421677110226,26.88338813408607,0.026687598116169546,0.05811138014527845,0.05660377358490566,0.03551046290424857,0.13793103448275862,0.0784313725490196,0.017241379310344827,0.00980392156862745
Big Snow Resort - Indianhead Mountain,Michigan,Michigan,1935,638,1297,0,,0,0,1,1,5,2,9,32.0,2.0,1.0,240.0,150.0,120.0,60.0,204.0,49.0,120.0,,26,0.2603421677110226,26.88338813408607,0.06279434850863422,0.05811138014527845,0.03773584905660377,,0.28125,0.0375,0.0,0.0
Mont Ripley,Michigan,Michigan,1140,440,700,0,,0,0,0,0,2,2,4,25.0,2.0,0.8,112.0,112.0,114.0,83.0,275.0,49.0,100.0,100.0,26,0.2603421677110226,26.88338813408607,0.029304029304029304,0.05520581113801453,0.03773584905660377,0.06341154090044387,0.16,0.03571428571428571,0.0,0.0
Mount Bohemia,Michigan,Michigan,1500,900,600,0,,0,0,0,1,1,0,2,,,2.3,585.0,,83.0,19.0,273.0,68.0,100.0,,26,0.2603421677110226,26.88338813408607,0.15306122448979592,0.04019370460048426,,,,0.003418803418803419,,0.0
Mt. Brighton,Michigan,Michigan,1330,230,1100,0,,0,0,2,3,0,8,13,25.0,5.0,0.1,130.0,130.0,111.0,59.0,60.0,59.0,100.0,130.0,26,0.2603421677110226,26.88338813408607,0.034013605442176874,0.05375302663438257,0.09433962264150944,0.08243500317057705,0.52,0.1,0.0,0.0
Mt. Holiday Ski Area,Michigan,Michigan,440,200,240,0,,0,0,0,0,2,2,4,12.0,,0.1,45.0,45.0,100.0,70.0,120.0,34.0,90.0,45.0,26,0.2603421677110226,26.88338813408607,0.011773940345368918,0.048426150121065374,,0.028535193405199746,0.3333333333333333,0.08888888888888889,0.0,0.0
Mount Holly,Michigan,Michigan,1105,350,755,0,0.0,0,1,2,3,1,6,13,19.0,,0.1,100.0,100.0,,63.0,42.0,45.0,102.0,100.0,26,0.2603421677110226,26.88338813408607,0.026164311878597593,,,0.06341154090044387,0.6842105263157895,0.13,0.05263157894736842,0.01
Mulligan's Hollow Ski Bowl,Michigan,Michigan,700,130,570,0,,0,0,0,0,0,5,5,6.0,,0.2,10.0,10.0,,19.0,60.0,20.0,,10.0,26,0.2603421677110226,26.88338813408607,0.0026164311878597592,,,0.0063411540900443885,0.8333333333333334,0.5,0.0,0.0
Norway Mountain,Michigan,Michigan,1335,500,835,0,,0,0,0,1,2,3,6,17.0,1.0,1.4,186.0,186.0,110.0,45.0,100.0,45.0,110.0,40.0,26,0.2603421677110226,26.88338813408607,0.04866562009419152,0.053268765133171914,0.018867924528301886,0.025364616360177554,0.35294117647058826,0.03225806451612903,0.0,0.0
Nubs Nob Ski Area,Michigan,Michigan,1338,427,911,0,,0,0,3,4,2,1,10,53.0,3.0,0.9,248.0,248.0,133.0,61.0,135.0,85.0,130.0,160.0,26,0.2603421677110226,26.88338813408607,0.06488749345892203,0.06440677966101695,0.05660377358490566,0.10145846544071022,0.18867924528301888,0.04032258064516129,0.0,0.0
Pine Knob Ski Resort,Michigan,Michigan,1308,300,1009,0,0.0,0,0,0,0,0,6,6,14.0,3.0,1.0,80.0,80.0,,2019.0,,57.0,,,26,0.2603421677110226,26.88338813408607,0.020931449502878074,,0.05660377358490566,,0.42857142857142855,0.075,0.0,0.0
Pine Mountain,Michigan,Michigan,1650,500,1150,0,0.0,0,0,0,1,2,1,4,28.0,1.0,0.5,160.0,160.0,110.0,80.0,60.0,45.0,126.0,80.0,26,0.2603421677110226,26.88338813408607,0.04186289900575615,0.053268765133171914,0.018867924528301886,0.05072923272035511,0.14285714285714285,0.025,0.0,0.0
Schuss Mountain at Shanty Creek,Michigan,Michigan,1125,450,675,0,0.0,0,0,5,0,0,3,8,42.0,3.0,1.0,70.0,70.0,94.0,57.0,160.0,78.0,111.0,70.0,26,0.2603421677110226,26.88338813408607,0.018315018315018316,0.04552058111380145,0.05660377358490566,0.04438807863031072,0.19047619047619047,0.11428571428571428,0.0,0.0
Ski Brule,Michigan,Michigan,1860,500,1360,0,0.0,0,0,0,0,5,7,12,17.0,3.0,1.0,150.0,150.0,164.0,62.0,150.0,49.0,165.0,40.0,26,0.2603421677110226,26.88338813408607,0.03924646781789639,0.07941888619854721,0.05660377358490566,0.025364616360177554,0.7058823529411765,0.08,0.0,0.0
Snow Snake Mountain Ski Area,Michigan,Michigan,1230,210,1020,0,,0,0,0,1,0,5,6,12.0,2.0,0.0,40.0,40.0,,72.0,,35.0,,40.0,26,0.2603421677110226,26.88338813408607,0.010465724751439037,,0.03773584905660377,0.025364616360177554,0.5,0.15,0.0,0.0
Swiss Valley,Michigan,Michigan,1200,225,975,0,,0,0,2,1,0,4,7,11.0,2.0,0.1,60.0,60.0,89.0,51.0,60.0,42.0,80.0,60.0,26,0.2603421677110226,26.88338813408607,0.015698587127158554,0.043099273607748186,0.03773584905660377,0.03804692454026633,0.6363636363636364,0.11666666666666667,0.0,0.0
The Homestead,Michigan,Michigan,900,320,580,0,,0,0,0,2,1,2,5,15.0,1.0,0.2,16.0,16.0,47.0,34.0,150.0,50.0,42.0,16.0,26,0.2603421677110226,26.88338813408607,0.004186289900575615,0.022760290556900726,0.018867924528301886,0.010145846544071021,0.3333333333333333,0.3125,0.0,0.0
Timber Ridge,Michigan,Michigan,850,250,600,0,,0,0,1,1,2,4,8,16.0,2.0,0.3,50.0,50.0,80.0,58.0,,45.0,,50.0,26,0.2603421677110226,26.88338813408607,0.013082155939298797,0.0387409200968523,0.03773584905660377,0.03170577045022194,0.5,0.16,0.0,0.0
Afton Alps,Minnesota,Minnesota,1530,350,1180,0,0.0,0,0,1,3,14,4,22,48.0,5.0,0.5,250.0,250.0,135.0,56.0,60.0,60.0,135.0,250.0,14,0.24824314777985515,16.103800496917273,0.16025641025641027,0.09060402684563758,0.1724137931034483,0.24509803921568626,0.4583333333333333,0.088,0.0,0.0
Andes Tower Hills Ski Area,Minnesota,Minnesota,1620,290,1330,0,0.0,0,0,1,2,0,3,6,15.0,2.0,0.2,35.0,35.0,100.0,38.0,55.0,45.0,110.0,35.0,14,0.24824314777985515,16.103800496917273,0.022435897435897436,0.06711409395973154,0.06896551724137931,0.03431372549019608,0.4,0.17142857142857143,0.0,0.0
Buck Hill,Minnesota,Minnesota,1225,309,919,0,,0,0,2,1,0,5,8,16.0,,0.2,45.0,45.0,115.0,65.0,60.0,47.0,112.0,45.0,14,0.24824314777985515,16.103800496917273,0.028846153846153848,0.07718120805369127,,0.04411764705882353,0.5,0.17777777777777778,0.0,0.0
Buena Vista Ski Area,Minnesota,Minnesota,1510,230,1280,0,,0,0,0,2,2,2,6,17.0,,0.3,30.0,30.0,57.0,70.0,78.0,44.0,60.0,30.0,14,0.24824314777985515,16.103800496917273,0.019230769230769232,0.03825503355704698,,0.029411764705882353,0.35294117647058826,0.2,0.0,0.0
Coffee Mill Ski & Snowboard Resort,Minnesota,Minnesota,1150,425,725,0,0.0,0,0,0,0,2,1,3,14.0,1.0,1.0,40.0,35.0,57.0,39.0,48.0,37.0,56.0,35.0,14,0.24824314777985515,16.103800496917273,0.02564102564102564,0.03825503355704698,0.034482758620689655,0.03431372549019608,0.21428571428571427,0.075,0.0,0.0
Elm Creek Winter Recreation Area,Minnesota,Minnesota,928,60,868,0,,0,0,0,0,0,3,3,3.0,,1.0,15.0,20.0,105.0,13.0,45.0,17.0,102.0,15.0,14,0.24824314777985515,16.103800496917273,0.009615384615384616,0.07046979865771812,,0.014705882352941176,1.0,0.2,0.0,0.0
Giants Ridge Resort,Minnesota,Minnesota,1972,500,1472,0,,0,1,1,1,2,2,7,35.0,2.0,0.8,202.0,202.0,120.0,35.0,85.0,58.0,125.0,121.0,14,0.24824314777985515,16.103800496917273,0.1294871794871795,0.08053691275167785,0.06896551724137931,0.11862745098039215,0.2,0.034653465346534656,0.02857142857142857,0.0049504950495049506
Hyland Ski & Snowboard Area,Minnesota,Minnesota,1075,175,900,0,0.0,0,0,2,1,0,5,8,14.0,1.0,1.0,35.0,35.0,110.0,61.0,55.0,35.34,115.0,35.0,14,0.24824314777985515,16.103800496917273,0.022435897435897436,0.0738255033557047,0.034482758620689655,0.03431372549019608,0.5714285714285714,0.22857142857142856,0.0,0.0
Lutsen Mountains,Minnesota,Minnesota,1688,825,800,1,0.0,1,0,0,1,4,1,8,62.0,2.0,2.0,393.0,231.0,135.0,71.0,120.0,84.0,127.0,,14,0.24824314777985515,16.103800496917273,0.2519230769230769,0.09060402684563758,0.06896551724137931,,0.12903225806451613,0.020356234096692113,0.0,0.0
Mount Kato Ski Area,Minnesota,Minnesota,540,240,300,0,,0,0,5,0,3,2,10,19.0,4.0,1.0,55.0,55.0,115.0,43.0,50.0,46.0,120.0,50.0,14,0.24824314777985515,16.103800496917273,0.035256410256410256,0.07718120805369127,0.13793103448275862,0.049019607843137254,0.5263157894736842,0.18181818181818182,0.0,0.0
Powder Ridge Ski Area,Minnesota,Minnesota,790,300,500,0,,0,0,1,0,2,3,6,15.0,4.0,,60.0,60.0,97.0,58.0,45.0,48.0,113.0,60.0,14,0.24824314777985515,16.103800496917273,0.038461538461538464,0.06510067114093959,0.13793103448275862,0.058823529411764705,0.4,0.1,0.0,0.0
Spirit Mountain,Minnesota,Minnesota,1320,700,620,0,,0,1,1,2,1,2,7,22.0,3.0,1.0,175.0,175.0,100.0,45.0,100.0,59.0,125.0,144.0,14,0.24824314777985515,16.103800496917273,0.11217948717948718,0.06711409395973154,0.10344827586206896,0.1411764705882353,0.3181818181818182,0.04,0.045454545454545456,0.005714285714285714
Welch Village,Minnesota,Minnesota,1060,360,700,0,,0,0,3,1,4,2,10,50.0,1.0,0.8,125.0,125.0,114.0,54.0,45.0,60.0,122.0,100.0,14,0.24824314777985515,16.103800496917273,0.08012820512820513,0.07651006711409396,0.034482758620689655,0.09803921568627451,0.2,0.08,0.0,0.0
Wild Mountain Ski & Snowboard Area,Minnesota,Minnesota,1113,300,813,0,0.0,0,0,4,0,0,4,8,26.0,4.0,0.9,100.0,100.0,130.0,47.0,50.0,55.0,140.0,100.0,14,0.24824314777985515,16.103800496917273,0.0641025641025641,0.087248322147651,0.13793103448275862,0.09803921568627451,0.3076923076923077,0.08,0.0,0.0
Hidden Valley Ski Area,Missouri,Missouri,2566,310,2316,0,0.0,0,0,2,2,0,3,7,17.0,,0.1,30.0,30.0,,37.0,26.0,49.0,,17.0,2,0.03258694032744661,2.8691523089503206,0.5,,,0.3617021276595745,0.4117647058823529,0.23333333333333334,0.0,0.0
Snow Creek,Missouri,Missouri,1100,300,800,0,,0,0,0,2,1,2,5,14.0,2.0,0.3,30.0,30.0,69.0,33.0,20.0,47.0,85.0,30.0,2,0.03258694032744661,2.8691523089503206,0.5,1.0,1.0,0.6382978723404256,0.35714285714285715,0.16666666666666666,0.0,0.0
Blacktail Mountain Ski Area,Montana,Montana,6676,1440,5236,0,,0,0,0,1,2,1,4,27.0,,0.7,1000.0,,,21.0,250.0,42.0,,,11,1.029212801910219,7.480957562568009,0.06406149903907751,,,,0.14814814814814814,0.004,0.0,0.0
Bridger Bowl,Montana,Montana,8700,2600,6100,0,0.0,0,0,1,6,1,3,11,105.0,2.0,1.5,2000.0,100.0,122.0,64.0,350.0,63.0,133.0,,11,1.029212801910219,7.480957562568009,0.12812299807815503,0.15117719950433706,0.10526315789473684,,0.10476190476190476,0.0055,0.0,0.0
Discovery Ski Area,Montana,Montana,8150,2380,5770,0,0.0,0,0,0,5,2,1,8,74.0,1.0,1.5,2400.0,25.0,116.0,46.0,225.0,49.0,116.0,,11,1.029212801910219,7.480957562568009,0.15374759769378604,0.14374225526641884,0.05263157894736842,,0.10810810810810811,0.0033333333333333335,0.0,0.0
Great Divide,Montana,Montana,7330,1580,5750,0,0.0,0,0,0,0,5,1,6,110.0,6.0,3.0,1600.0,150.0,94.0,78.0,180.0,48.0,100.0,100.0,11,1.029212801910219,7.480957562568009,0.10249839846252402,0.11648079306071871,0.3157894736842105,0.14084507042253522,0.05454545454545454,0.00375,0.0,0.0
Lost Trail - Powder Mtn,Montana,Montana,8200,1800,6400,0,,0,0,0,0,5,3,8,69.0,2.0,2.5,1800.0,,84.0,81.0,325.0,46.0,80.0,,11,1.029212801910219,7.480957562568009,0.11531069827033953,0.10408921933085502,0.10526315789473684,,0.11594202898550725,0.0044444444444444444,0.0,0.0
Maverick Mountain,Montana,Montana,8520,2020,6500,0,,0,0,0,0,1,1,2,22.0,,1.3,255.0,,,83.0,160.0,39.0,,,11,1.029212801910219,7.480957562568009,0.016335682254964765,,,,0.09090909090909091,0.00784313725490196,0.0,0.0
Montana Snowbowl,Montana,Montana,7600,2600,5000,0,,0,0,0,0,2,2,4,37.0,,1.2,950.0,20.0,,58.0,300.0,50.0,,10.0,11,1.029212801910219,7.480957562568009,0.060858424087123636,,,0.014084507042253521,0.10810810810810811,0.004210526315789474,0.0,0.0
Red Lodge Mountain,Montana,Montana,9416,2400,7016,0,0.0,0,2,0,1,3,1,7,70.0,2.0,2.5,1635.0,496.0,142.0,59.0,250.0,67.0,136.0,,11,1.029212801910219,7.480957562568009,0.10474055092889173,0.17596034696406443,0.10526315789473684,,0.1,0.004281345565749235,0.02857142857142857,0.0012232415902140672
Showdown Montana,Montana,Montana,8200,1400,6800,0,0.0,0,0,0,1,2,1,4,36.0,1.0,1.8,640.0,,86.0,83.0,250.0,47.0,85.0,,11,1.029212801910219,7.480957562568009,0.04099935938500961,0.10656753407682776,0.05263157894736842,,0.1111111111111111,0.00625,0.0,0.0
Teton Pass Ski Resort,Montana,Montana,7200,1010,6190,0,,0,0,0,0,1,2,3,43.0,1.0,3.0,330.0,,40.0,54.0,250.0,39.0,150.0,,11,1.029212801910219,7.480957562568009,0.02114029468289558,0.04956629491945477,0.05263157894736842,,0.06976744186046512,0.00909090909090909,0.0,0.0
Big Mountain Resort,Montana,Montana,6817,2353,4464,0,0.0,0,3,2,6,0,3,14,105.0,4.0,3.3,3000.0,600.0,123.0,72.0,333.0,81.0,123.0,600.0,11,1.029212801910219,7.480957562568009,0.19218449711723254,0.1524163568773234,0.21052631578947367,0.8450704225352113,0.13333333333333333,0.004666666666666667,0.02857142857142857,0.001
Diamond Peak,Sierra Nevada,Nevada,8540,1840,6700,0,,0,1,2,0,3,1,7,30.0,3.0,2.5,655.0,492.0,100.0,53.0,300.0,99.0,122.0,,4,0.12986355236552954,3.61755236407047,0.3104265402843602,0.24096385542168675,0.3333333333333333,,0.23333333333333334,0.010687022900763359,0.03333333333333333,0.0015267175572519084
Elko SnoBowl,Nevada,Nevada,7000,700,6300,0,,0,0,0,0,1,1,2,10.0,,1.0,60.0,2.0,19.0,23.0,24.0,20.0,30.0,,4,0.12986355236552954,3.61755236407047,0.02843601895734597,0.04578313253012048,,,0.2,0.03333333333333333,0.0,0.0
Lee Canyon,Nevada,Nevada,11289,860,8510,0,,0,0,2,1,0,0,3,24.0,1.0,0.3,195.0,50.0,144.0,56.0,161.0,70.0,150.0,,4,0.12986355236552954,3.61755236407047,0.0924170616113744,0.3469879518072289,0.1111111111111111,,0.125,0.015384615384615385,0.0,0.0
Mt. Rose - Ski Tahoe,Sierra Nevada,Nevada,9700,1800,8260,0,0.0,2,0,2,2,0,2,8,65.0,5.0,2.5,1200.0,330.0,152.0,55.0,350.0,135.0,150.0,,4,0.12986355236552954,3.61755236407047,0.5687203791469194,0.36626506024096384,0.5555555555555556,,0.12307692307692308,0.006666666666666667,0.0,0.0
Attitash,New Hampshire,New Hampshire,2350,1750,600,0,,0,2,1,3,2,1,9,68.0,3.0,3.0,311.0,240.0,115.0,54.0,120.0,89.0,130.0,,14,1.0296305612001373,149.7486362177773,0.10885544277213861,0.07228158390949088,0.09090909090909091,,0.1323529411764706,0.028938906752411574,0.029411764705882353,0.006430868167202572
Black Mountain,New Hampshire,New Hampshire,2350,1100,1250,0,0.0,0,0,0,1,1,3,5,45.0,,1.6,143.0,120.0,110.0,84.0,125.0,59.0,107.0,,14,1.0296305612001373,149.7486362177773,0.05005250262513126,0.06913890634820867,,,0.1111111111111111,0.03496503496503497,0.0,0.0
Bretton Woods,New Hampshire,New Hampshire,3100,1500,1600,0,0.0,0,4,1,1,0,3,9,63.0,2.0,2.0,464.0,427.0,180.0,46.0,200.0,99.0,180.0,45.0,14,1.0296305612001373,149.7486362177773,0.1624081204060203,0.11313639220615965,0.06060606060606061,0.1196808510638298,0.14285714285714285,0.01939655172413793,0.06349206349206349,0.008620689655172414
Cannon Mountain,New Hampshire,New Hampshire,4080,2180,1900,1,0.0,0,1,2,3,1,3,11,97.0,3.0,2.3,285.0,192.0,124.0,81.0,160.0,79.0,143.0,,14,1.0296305612001373,149.7486362177773,0.09975498774938747,0.07793840351979887,0.09090909090909091,,0.1134020618556701,0.03859649122807018,0.010309278350515464,0.0035087719298245615
Crotched Mountain,New Hampshire,New Hampshire,2066,1016,1050,0,0.0,0,1,1,1,1,1,5,25.0,3.0,1.2,100.0,100.0,105.0,16.0,105.0,69.0,100.0,100.0,14,1.0296305612001373,149.7486362177773,0.03500175008750438,0.06599622878692646,0.09090909090909091,0.26595744680851063,0.2,0.05,0.04,0.01
Dartmouth Skiway,New Hampshire,New Hampshire,1943,969,974,0,0.0,0,0,1,0,1,2,4,28.0,1.0,1.1,107.0,54.0,104.0,63.0,100.0,50.0,105.0,,14,1.0296305612001373,149.7486362177773,0.037451872593629684,0.06536769327467001,0.030303030303030304,,0.14285714285714285,0.037383177570093455,0.0,0.0
Gunstock,New Hampshire,New Hampshire,2300,1400,900,0,,0,1,2,2,0,1,6,55.0,4.0,1.5,227.0,176.0,106.0,82.0,120.0,92.0,,60.0,14,1.0296305612001373,149.7486362177773,0.07945397269863493,0.0666247642991829,0.12121212121212122,0.1595744680851064,0.10909090909090909,0.02643171806167401,0.01818181818181818,0.004405286343612335
King Pine,New Hampshire,New Hampshire,850,350,500,0,,0,0,0,3,0,3,6,17.0,2.0,0.3,48.0,45.0,105.0,57.0,120.0,58.0,107.0,23.0,14,1.0296305612001373,149.7486362177773,0.0168008400420021,0.06599622878692646,0.06060606060606061,0.061170212765957445,0.35294117647058826,0.125,0.0,0.0
Mount Sunapee,New Hampshire,New Hampshire,2743,1510,1233,0,,0,2,1,2,1,4,10,66.0,4.0,0.8,232.0,215.0,130.0,71.0,100.0,93.0,136.0,,14,1.0296305612001373,149.7486362177773,0.08120406020301014,0.08170961659333752,0.12121212121212122,,0.15151515151515152,0.04310344827586207,0.030303030303030304,0.008620689655172414
Pats Peak,New Hampshire,New Hampshire,1460,770,690,0,,0,0,0,4,2,5,11,28.0,3.0,1.5,115.0,115.0,109.0,56.0,100.0,72.0,112.0,93.0,14,1.0296305612001373,149.7486362177773,0.04025201260063003,0.06851037083595223,0.09090909090909091,0.2473404255319149,0.39285714285714285,0.09565217391304348,0.0,0.0
Ragged Mountain Resort,New Hampshire,New Hampshire,2250,1250,1000,0,,1,1,0,1,0,3,6,57.0,3.0,0.7,250.0,200.0,,54.0,100.0,84.0,140.0,,14,1.0296305612001373,149.7486362177773,0.08750437521876094,,0.09090909090909091,,0.10526315789473684,0.024,0.017543859649122806,0.004
Waterville Valley,New Hampshire,New Hampshire,4004,2020,1984,0,,0,2,0,2,3,4,11,62.0,4.0,1.9,265.0,220.0,142.0,54.0,148.0,93.0,142.0,,14,1.0296305612001373,149.7486362177773,0.0927546377318866,0.08925204274041483,0.12121212121212122,,0.1774193548387097,0.04150943396226415,0.03225806451612903,0.007547169811320755
Whaleback Mountain,New Hampshire,New Hampshire,1800,700,1100,0,,0,0,0,0,1,3,4,30.0,1.0,1.0,85.0,60.0,105.0,64.0,110.0,45.0,105.0,55.0,14,1.0296305612001373,149.7486362177773,0.02975148757437872,0.06599622878692646,0.030303030303030304,0.14627659574468085,0.13333333333333333,0.047058823529411764,0.0,0.0
Wildcat Mountain,New Hampshire,New Hampshire,4062,2112,1950,0,,0,1,0,3,0,1,5,48.0,,2.8,225.0,200.0,156.0,61.0,200.0,89.0,150.0,,14,1.0296305612001373,149.7486362177773,0.07875393769688484,0.09805153991200503,,,0.10416666666666667,0.022222222222222223,0.020833333333333332,0.0044444444444444444
Mountain Creek Resort,New Jersey,New Jersey,1480,1040,440,1,,0,2,2,1,1,3,10,46.0,3.0,2.0,167.0,167.0,90.0,54.0,65.0,79.99,100.0,167.0,1,0.011258484675513583,11.463945890175399,1.0,1.0,1.0,1.0,0.21739130434782608,0.059880239520958084,0.043478260869565216,0.011976047904191617
Angel Fire Resort,New Mexico,New Mexico,10677,2077,8600,0,0.0,0,2,0,0,3,2,7,81.0,3.0,3.0,560.0,230.0,101.0,53.0,210.0,77.0,101.0,50.0,9,0.4292195500920676,7.401924500370097,0.10721807390388666,0.10455486542443064,0.16666666666666666,1.0,0.08641975308641975,0.0125,0.024691358024691357,0.0035714285714285713
Enchanted Forest Ski Area,New Mexico,New Mexico,10078,400,9820,0,,0,0,0,0,0,0,0,33.0,,2.5,600.0,,130.0,34.0,240.0,20.0,140.0,,9,0.4292195500920676,7.401924500370097,0.11487650775416428,0.13457556935817805,,,0.0,0.0,0.0,0.0
Pajarito Mountain Ski Area,New Mexico,New Mexico,10441,1410,9031,0,,0,0,1,1,3,1,6,45.0,2.0,0.6,750.0,35.0,89.0,62.0,163.0,49.0,117.0,,9,0.4292195500920676,7.401924500370097,0.14359563469270534,0.09213250517598344,0.1111111111111111,,0.13333333333333333,0.008,0.0,0.0
Red River,New Mexico,New Mexico,10350,1600,8750,0,0.0,0,0,1,3,1,2,7,63.0,3.0,2.5,209.0,,110.0,60.0,214.0,79.0,,,9,0.4292195500920676,7.401924500370097,0.04001531686770055,0.11387163561076605,0.16666666666666666,,0.1111111111111111,0.03349282296650718,0.0,0.0
Sandia Peak,New Mexico,New Mexico,10378,1700,8678,0,,0,0,0,0,4,1,5,39.0,1.0,2.0,200.0,30.0,32.0,82.0,100.0,55.0,38.0,,9,0.4292195500920676,7.401924500370097,0.03829216925138809,0.033126293995859216,0.05555555555555555,,0.1282051282051282,0.025,0.0,0.0
Sipapu Ski Resort,New Mexico,New Mexico,9255,1055,8200,0,,0,0,1,2,0,3,6,42.0,4.0,0.5,200.0,140.0,127.0,67.0,190.0,47.0,143.0,,9,0.4292195500920676,7.401924500370097,0.03829216925138809,0.13146997929606624,0.2222222222222222,,0.14285714285714285,0.03,0.0,0.0
Ski Apache,New Mexico,New Mexico,11500,1900,9600,1,,0,0,2,6,0,2,11,55.0,3.0,2.0,750.0,270.0,133.0,58.0,185.0,74.0,124.0,,9,0.4292195500920676,7.401924500370097,0.14359563469270534,0.13768115942028986,0.16666666666666666,,0.2,0.014666666666666666,0.0,0.0
Ski Santa Fe,New Mexico,New Mexico,12075,1725,10350,0,0.0,0,0,1,2,2,2,7,83.0,1.0,3.0,660.0,275.0,107.0,73.0,225.0,80.0,130.0,,9,0.4292195500920676,7.401924500370097,0.1263641585295807,0.11076604554865424,0.05555555555555555,,0.08433734939759036,0.010606060606060607,0.0,0.0
Taos Ski Valley,New Mexico,New Mexico,12481,3281,9200,1,0.0,0,1,3,4,1,4,14,111.0,1.0,5.0,1294.0,647.0,137.0,64.0,300.0,110.0,136.0,,9,0.4292195500920676,7.401924500370097,0.24775033505648095,0.14182194616977226,0.05555555555555555,,0.12612612612612611,0.010819165378670788,0.009009009009009009,0.0007727975270479134
Belleayre,New York,New York,3429,1404,2025,1,0.0,0,1,1,1,2,2,8,50.0,2.0,2.2,175.0,168.0,154.0,70.0,130.0,72.0,150.0,,33,0.16963475221837276,60.48941435248832,0.03173739571998549,0.06459731543624161,0.027777777777777776,,0.16,0.045714285714285714,0.02,0.005714285714285714
Brantling Ski Slopes,New York,New York,850,250,600,0,,0,0,0,0,0,5,5,10.0,,0.1,20.0,16.0,,19.0,110.0,32.0,,,33,0.16963475221837276,60.48941435248832,0.003627130939426913,,,,0.5,0.25,0.0,0.0
Bristol Mountain,New York,New York,2200,1200,1000,0,0.0,0,2,1,1,1,1,6,34.0,3.0,2.0,160.0,148.0,129.0,55.0,60.0,76.0,129.0,154.0,33,0.16963475221837276,60.48941435248832,0.029017047515415305,0.054110738255033555,0.041666666666666664,0.054301833568406205,0.17647058823529413,0.0375,0.058823529411764705,0.0125
Buffalo Ski Club Ski Area,New York,New York,3429,500,2025,0,0.0,0,0,0,0,2,4,6,43.0,1.0,,225.0,150.0,,12.0,,50.0,,100.0,33,0.16963475221837276,60.48941435248832,0.040805223068552776,,0.013888888888888888,0.03526093088857546,0.13953488372093023,0.02666666666666667,0.0,0.0
Catamount,New York,New York,2000,1000,1000,0,,0,0,1,1,2,3,7,36.0,5.0,2.0,133.0,130.0,100.0,80.0,108.0,69.0,90.0,55.0,33,0.16963475221837276,60.48941435248832,0.024120420747188974,0.04194630872483222,0.06944444444444445,0.019393511988716503,0.19444444444444445,0.05263157894736842,0.0,0.0
Dry Hill Ski Area,New York,New York,950,300,650,0,,0,0,0,0,1,2,3,7.0,1.0,0.2,35.0,26.0,,55.0,125.0,35.0,,26.0,33,0.16963475221837276,60.48941435248832,0.006347479143997099,,0.013888888888888888,0.009167842031029619,0.42857142857142855,0.08571428571428572,0.0,0.0
Gore Mountain,New York,New York,3600,2537,998,1,0.0,0,2,2,3,2,4,14,110.0,7.0,4.5,439.0,338.0,142.0,55.0,150.0,88.0,,15.0,33,0.16963475221837276,60.48941435248832,0.07961552412042075,0.05956375838926174,0.09722222222222222,0.005289139633286318,0.12727272727272726,0.03189066059225513,0.01818181818181818,0.004555808656036446
Greek Peak,New York,New York,2100,952,1148,0,0.0,0,0,1,1,4,2,8,56.0,4.0,1.5,220.0,184.0,110.0,62.0,122.0,63.2,113.0,175.0,33,0.16963475221837276,60.48941435248832,0.03989844033369604,0.04614093959731544,0.05555555555555555,0.06170662905500705,0.14285714285714285,0.03636363636363636,0.0,0.0
Holiday Mountain,New York,New York,1550,400,1150,0,0.0,0,0,1,0,1,2,4,9.0,,0.4,37.0,37.0,75.0,60.0,50.0,42.0,85.0,37.0,33,0.16963475221837276,60.48941435248832,0.00671019223793979,0.031459731543624164,,0.01304654442877292,0.4444444444444444,0.10810810810810811,0.0,0.0
Holiday Valley,New York,New York,2250,750,1500,0,,0,3,8,0,0,2,13,60.0,5.0,1.0,290.0,266.0,116.0,62.0,180.0,78.0,129.0,189.0,33,0.16963475221837276,60.48941435248832,0.05259339862169024,0.04865771812080537,0.06944444444444445,0.06664315937940761,0.21666666666666667,0.04482758620689655,0.05,0.010344827586206896
Holimont Ski Area,New York,New York,2260,700,1560,0,,0,1,1,2,3,1,8,53.0,3.0,1.5,135.0,135.0,110.0,57.0,180.0,75.0,119.0,,33,0.16963475221837276,60.48941435248832,0.024483133841131665,0.04614093959731544,0.041666666666666664,,0.1509433962264151,0.05925925925925926,0.018867924528301886,0.007407407407407408
Hunt Hollow Ski Club,New York,New York,2030,825,1000,0,0.0,0,0,0,1,1,1,3,19.0,1.0,1.0,400.0,400.0,,52.0,130.0,58.0,75.0,400.0,33,0.16963475221837276,60.48941435248832,0.07254261878853827,,0.013888888888888888,0.14104372355430184,0.15789473684210525,0.0075,0.0,0.0
Hunter Mountain,New York,New York,3200,1600,1600,0,,2,1,2,2,2,4,13,67.0,4.0,2.0,320.0,320.0,148.0,59.0,120.0,89.0,155.0,,33,0.16963475221837276,60.48941435248832,0.05803409503083061,0.06208053691275168,0.05555555555555555,,0.19402985074626866,0.040625,0.014925373134328358,0.003125
Kissing Bridge,New York,New York,1700,550,1150,0,,0,0,2,1,4,3,10,39.0,5.0,0.5,700.0,550.0,103.0,59.0,120.0,60.0,100.0,650.0,33,0.16963475221837276,60.48941435248832,0.12694958287994196,0.04320469798657718,0.06944444444444445,0.22919605077574048,0.2564102564102564,0.014285714285714285,0.0,0.0
Labrador Mt.,New York,New York,1825,700,1125,0,,0,0,0,1,2,1,4,23.0,1.0,1.0,250.0,237.0,,62.0,125.0,59.0,100.0,180.0,33,0.16963475221837276,60.48941435248832,0.04533913674283642,,0.013888888888888888,0.06346967559943582,0.17391304347826086,0.016,0.0,0.0
Maple Ski Ridge,New York,New York,1200,450,750,0,0.0,0,0,0,1,1,1,3,10.0,,0.3,25.0,25.0,,57.0,,38.0,,20.0,33,0.16963475221837276,60.48941435248832,0.004533913674283642,,,0.007052186177715092,0.3,0.12,0.0,0.0
McCauley Mountain Ski Center,New York,New York,2250,633,1563,0,0.0,0,0,0,0,1,4,5,23.0,1.0,0.3,70.0,55.0,105.0,61.0,200.0,30.0,105.0,,33,0.16963475221837276,60.48941435248832,0.012694958287994197,0.044043624161073824,0.013888888888888888,,0.21739130434782608,0.07142857142857142,0.0,0.0
Mount Peter Ski Area,New York,New York,1250,450,750,0,,0,0,1,0,2,2,5,14.0,1.0,1.0,69.0,69.0,100.0,83.0,50.0,54.0,100.0,69.0,33,0.16963475221837276,60.48941435248832,0.012513601741022852,0.04194630872483222,0.013888888888888888,0.024330042313117067,0.35714285714285715,0.07246376811594203,0.0,0.0
Oak Mountain,New York,New York,2400,650,1750,0,0.0,0,0,1,0,0,3,4,22.0,1.0,1.2,46.0,18.0,,71.0,120.0,40.0,,12.0,33,0.16963475221837276,60.48941435248832,0.008342401160681901,,0.013888888888888888,0.004231311706629055,0.18181818181818182,0.08695652173913043,0.0,0.0
Peek'n Peak,New York,New York,1800,400,1400,0,,0,0,0,8,0,2,10,27.0,4.0,2.4,110.0,110.0,110.0,55.0,225.0,63.0,,110.0,33,0.16963475221837276,60.48941435248832,0.01994922016684802,0.04614093959731544,0.05555555555555555,0.038787023977433006,0.37037037037037035,0.09090909090909091,0.0,0.0
Plattekill Mountain,New York,New York,3500,1100,2400,0,,0,0,0,1,1,2,4,38.0,1.0,2.0,110.0,75.0,65.0,26.0,175.0,67.0,65.0,,33,0.16963475221837276,60.48941435248832,0.01994922016684802,0.02726510067114094,0.013888888888888888,,0.10526315789473684,0.03636363636363636,0.0,0.0
Royal Mountain Ski Area,New York,New York,1800,550,1250,0,,0,0,0,0,3,0,3,14.0,,0.3,35.0,28.0,,63.0,90.0,45.0,,,33,0.16963475221837276,60.48941435248832,0.006347479143997099,,,,0.21428571428571427,0.08571428571428572,0.0,0.0
Snow Ridge,New York,New York,2000,650,1350,0,,0,0,0,0,4,2,6,21.0,2.0,0.8,130.0,65.0,73.0,74.0,230.0,48.0,100.0,40.0,33,0.16963475221837276,60.48941435248832,0.023576351106274936,0.030620805369127518,0.027777777777777776,0.014104372355430184,0.2857142857142857,0.046153846153846156,0.0,0.0
Song Mountain,New York,New York,1940,700,1240,0,,0,0,0,1,1,3,5,24.0,,0.4,93.0,70.0,90.0,55.0,125.0,59.0,122.0,70.0,33,0.16963475221837276,60.48941435248832,0.016866158868335146,0.037751677852348994,,0.02468265162200282,0.20833333333333334,0.053763440860215055,0.0,0.0
Swain,New York,New York,1970,650,1320,0,,0,0,3,0,1,1,5,35.0,3.0,1.0,130.0,90.0,102.0,72.0,120.0,59.0,100.0,80.0,33,0.16963475221837276,60.48941435248832,0.023576351106274936,0.04278523489932886,0.041666666666666664,0.028208744710860368,0.14285714285714285,0.038461538461538464,0.0,0.0
Thunder Ridge,New York,New York,1270,500,770,0,,0,0,0,1,2,3,6,30.0,,0.4,100.0,100.0,121.0,60.0,,57.0,121.0,100.0,33,0.16963475221837276,60.48941435248832,0.018135654697134566,0.05075503355704698,,0.03526093088857546,0.2,0.06,0.0,0.0
Titus Mountain,New York,New York,2025,1200,825,0,,0,0,0,2,6,2,10,50.0,3.0,2.0,200.0,150.0,101.0,59.0,150.0,49.0,100.0,70.0,33,0.16963475221837276,60.48941435248832,0.03627130939426913,0.04236577181208054,0.041666666666666664,0.02468265162200282,0.2,0.05,0.0,0.0
Toggenburg Mountain,New York,New York,2000,700,1300,0,,0,0,0,1,1,3,5,22.0,2.0,0.4,85.0,,,66.0,130.0,55.0,122.0,73.0,33,0.16963475221837276,60.48941435248832,0.015415306492564382,,0.027777777777777776,0.025740479548660086,0.22727272727272727,0.058823529411764705,0.0,0.0
West Mountain,New York,New York,1470,1010,460,0,,0,0,0,1,2,2,5,29.0,1.0,0.6,124.0,105.0,,58.0,80.0,59.0,120.0,105.0,33,0.16963475221837276,60.48941435248832,0.022488211824446862,,0.013888888888888888,0.03702397743300423,0.1724137931034483,0.04032258064516129,0.0,0.0
Whiteface Mountain Resort,New York,New York,4650,3430,1220,1,0.0,0,1,1,2,5,2,12,86.0,5.0,2.1,288.0,220.0,122.0,61.0,168.0,96.0,141.0,,33,0.16963475221837276,60.48941435248832,0.05223068552774755,0.051174496644295304,0.06944444444444445,,0.13953488372093023,0.041666666666666664,0.011627906976744186,0.003472222222222222
Willard Mountain,New York,New York,1415,505,910,0,,0,0,0,0,2,3,5,16.0,,0.4,50.0,35.0,85.0,19.0,80.0,46.0,120.0,35.0,33,0.16963475221837276,60.48941435248832,0.009067827348567283,0.03565436241610738,,0.01234132581100141,0.3125,0.1,0.0,0.0
Windham Mountain,New York,New York,3100,1600,1500,0,0.0,1,2,0,3,1,5,12,54.0,6.0,2.0,285.0,280.0,123.0,59.0,105.0,95.0,130.0,56.0,33,0.16963475221837276,60.48941435248832,0.051686615886833515,0.051593959731543626,0.08333333333333333,0.019746121297602257,0.2222222222222222,0.042105263157894736,0.037037037037037035,0.007017543859649123
Woods Valley Ski Area,New York,New York,1400,500,900,0,,0,0,0,0,2,4,6,21.0,,0.3,25.0,16.0,,55.0,180.0,39.0,,15.0,33,0.16963475221837276,60.48941435248832,0.004533913674283642,,,0.005289139633286318,0.2857142857142857,0.24,0.0,0.0
Appalachian Ski Mountain,North Carolina,North Carolina,4000,365,3635,0,0.0,0,0,2,0,1,2,5,12.0,3.0,0.5,27.0,27.0,100.0,57.0,50.0,64.0,100.0,27.0,6,0.057207779800390615,11.148479161634366,0.07297297297297298,0.1976284584980237,0.3333333333333333,0.08059701492537313,0.4166666666666667,0.18518518518518517,0.0,0.0
Cataloochee Ski Area,North Carolina,North Carolina,5400,740,4660,0,0.0,0,0,1,1,1,2,5,18.0,2.0,1.0,50.0,50.0,141.0,58.0,50.0,70.0,108.0,50.0,6,0.057207779800390615,11.148479161634366,0.13513513513513514,0.27865612648221344,0.2222222222222222,0.14925373134328357,0.2777777777777778,0.1,0.0,0.0
Sapphire Valley,North Carolina,North Carolina,3450,200,3200,0,,0,0,1,0,0,2,3,,1.0,1.0,8.0,8.0,53.0,55.0,24.0,43.0,60.0,8.0,6,0.057207779800390615,11.148479161634366,0.021621621621621623,0.10474308300395258,0.1111111111111111,0.023880597014925373,,0.375,,0.0
Beech Mountain Resort,North Carolina,North Carolina,5506,830,4675,0,0.0,0,0,3,0,3,2,8,17.0,1.0,1.0,95.0,95.0,98.0,52.0,31.0,68.0,,95.0,6,0.057207779800390615,11.148479161634366,0.25675675675675674,0.19367588932806323,0.1111111111111111,0.2835820895522388,0.47058823529411764,0.08421052631578947,0.0,0.0
Sugar Mountain Resort,North Carolina,North Carolina,5300,1200,4100,0,0.0,1,0,0,1,4,2,8,21.0,1.0,1.5,125.0,125.0,114.0,50.0,77.0,75.0,120.0,95.0,6,0.057207779800390615,11.148479161634366,0.33783783783783783,0.22529644268774704,0.1111111111111111,0.2835820895522388,0.38095238095238093,0.064,0.0,0.0
Wolf Ridge Ski Resort,North Carolina,North Carolina,4700,720,4000,0,,0,0,1,0,1,2,4,15.0,1.0,0.6,65.0,65.0,,49.0,65.0,65.0,100.0,60.0,6,0.057207779800390615,11.148479161634366,0.17567567567567569,,0.1111111111111111,0.1791044776119403,0.26666666666666666,0.06153846153846154,0.0,0.0
Alpine Valley,Ohio,Ohio,1500,230,1260,0,0.0,0,0,1,2,1,1,5,11.0,1.0,0.2,72.0,72.0,105.0,53.0,120.0,43.0,,72.0,5,0.042774892848893416,11.154240842368269,0.171021377672209,0.2147239263803681,0.08333333333333333,0.171021377672209,0.45454545454545453,0.06944444444444445,0.0,0.0
Boston Mills,Ohio,Ohio,871,264,631,0,,0,0,0,4,2,2,8,7.0,2.0,0.3,40.0,40.0,92.0,56.0,51.0,44.0,110.0,40.0,5,0.042774892848893416,11.154240842368269,0.09501187648456057,0.18813905930470348,0.16666666666666666,0.09501187648456057,1.1428571428571428,0.2,0.0,0.0
Brandywine,Ohio,Ohio,871,240,631,0,,0,0,2,7,2,5,16,11.0,2.0,0.3,85.0,85.0,92.0,56.0,51.0,44.0,110.0,85.0,5,0.042774892848893416,11.154240842368269,0.20190023752969122,0.18813905930470348,0.16666666666666666,0.20190023752969122,1.4545454545454546,0.18823529411764706,0.0,0.0
Mad River Mountain,Ohio,Ohio,1460,300,1160,0,,0,0,1,2,3,6,12,20.0,4.0,0.5,144.0,144.0,99.0,57.0,36.0,44.0,90.0,144.0,5,0.042774892848893416,11.154240842368269,0.342042755344418,0.20245398773006135,0.3333333333333333,0.342042755344418,0.6,0.08333333333333333,0.0,0.0
Snow Trails,Ohio,Ohio,1475,301,1174,0,,0,0,0,4,2,3,9,17.0,3.0,0.2,80.0,80.0,101.0,58.0,50.0,52.0,70.0,80.0,5,0.042774892848893416,11.154240842368269,0.19002375296912113,0.2065439672801636,0.25,0.19002375296912113,0.5294117647058824,0.1125,0.0,0.0
Anthony Lakes Mountain Resort,Oregon,Oregon,8000,900,7100,0,0.0,0,0,0,1,0,2,3,21.0,2.0,1.5,1100.0,,75.0,56.0,300.0,40.0,80.0,,7,0.16596577738251578,7.115339655820856,0.13734548632788113,0.1171875,0.18181818181818182,,0.14285714285714285,0.0027272727272727275,0.0,0.0
Cooper Spur,Mt. Hood,Oregon,4000,350,3500,0,,0,0,0,0,1,1,2,10.0,,0.1,50.0,,78.0,66.0,100.0,39.0,90.0,,7,0.16596577738251578,7.115339655820856,0.006242976651267324,0.121875,,,0.2,0.04,0.0,0.0
Hoodoo Ski Area,Oregon,Oregon,5703,1035,4668,0,0.0,0,0,3,1,1,0,5,34.0,,0.4,806.0,,80.0,81.0,350.0,59.0,108.0,200.0,7,0.16596577738251578,7.115339655820856,0.10063678361842927,0.125,,0.3590664272890485,0.14705882352941177,0.00620347394540943,0.0,0.0
Mt. Ashland,Oregon,Oregon,7533,1150,6383,0,0.0,0,0,0,2,2,1,5,23.0,2.0,1.0,220.0,,94.0,55.0,300.0,52.0,92.0,40.0,7,0.16596577738251578,7.115339655820856,0.027469097265576226,0.146875,0.18181818181818182,0.0718132854578097,0.21739130434782608,0.022727272727272728,0.0,0.0
Mt. Bachelor,Oregon,Oregon,9065,3365,5700,0,0.0,0,8,0,3,0,0,11,101.0,5.0,4.0,4318.0,20.0,185.0,61.0,462.0,99.0,185.0,,7,0.16596577738251578,7.115339655820856,0.5391434636034461,0.2890625,0.45454545454545453,,0.10891089108910891,0.0025474756831866605,0.07920792079207921,0.0018527095877721167
Mt. Hood Skibowl,Mt. Hood,Oregon,5100,1500,3600,0,,0,0,0,0,4,5,9,65.0,2.0,3.0,960.0,29.0,125.0,82.0,300.0,70.0,144.0,317.0,7,0.16596577738251578,7.115339655820856,0.11986515170433262,0.1953125,0.18181818181818182,0.5691202872531418,0.13846153846153847,0.009375,0.0,0.0
Willamette Pass,Oregon,Oregon,6683,1563,5120,0,0.0,1,0,0,3,0,1,5,29.0,,2.1,555.0,60.0,3.0,78.0,430.0,60.0,100.0,,7,0.16596577738251578,7.115339655820856,0.0692970408290673,0.0046875,,,0.1724137931034483,0.009009009009009009,0.0,0.0
Bear Creek Mountain Resort,Pennsylvania,Pennsylvania,1100,510,600,0,,0,0,3,1,0,2,6,23.0,3.0,1.0,86.0,86.0,91.0,52.0,30.0,60.0,90.0,86.0,16,0.12251681390124777,34.74182481434838,0.05049911920140928,0.07315112540192927,0.06818181818181818,0.06403574087862993,0.2608695652173913,0.06976744186046512,0.0,0.0
Ski Big Bear,Pennsylvania,Pennsylvania,1250,650,600,0,0.0,0,0,0,0,4,2,6,18.0,1.0,1.5,26.0,26.0,75.0,43.0,69.0,62.0,75.0,26.0,16,0.12251681390124777,34.74182481434838,0.015267175572519083,0.06028938906752412,0.022727272727272728,0.0193596425912137,0.3333333333333333,0.23076923076923078,0.0,0.0
Big Boulder,Pennsylvania,Pennsylvania,2175,600,1700,0,0.0,0,0,0,2,5,1,8,16.0,8.0,,55.0,55.0,76.0,72.0,50.0,65.0,95.0,55.0,16,0.12251681390124777,34.74182481434838,0.03229594832648268,0.06109324758842444,0.18181818181818182,0.04095309009679821,0.5,0.14545454545454545,0.0,0.0
Blue Knob,Pennsylvania,Pennsylvania,3146,1072,2074,0,0.0,0,0,0,2,2,2,6,34.0,1.0,2.0,100.0,84.0,87.0,56.0,120.0,68.0,105.0,42.0,16,0.12251681390124777,34.74182481434838,0.058719906048150326,0.06993569131832797,0.022727272727272728,0.03127326880119136,0.17647058823529413,0.06,0.0,0.0
Blue Mountain Resort,Pennsylvania,Pennsylvania,1600,1082,460,0,0.0,1,1,1,1,3,9,16,39.0,5.0,1.2,164.0,164.0,122.0,42.0,33.0,65.0,112.0,164.0,16,0.12251681390124777,34.74182481434838,0.09630064591896653,0.09807073954983923,0.11363636363636363,0.12211466865227104,0.41025641025641024,0.0975609756097561,0.02564102564102564,0.006097560975609756
Camelback Mountain Resort,Pennsylvania,Pennsylvania,2100,800,1250,0,,0,2,0,3,5,6,16,37.0,5.0,1.0,166.0,166.0,100.0,56.0,50.0,70.0,100.0,160.0,16,0.12251681390124777,34.74182481434838,0.09747504403992954,0.08038585209003216,0.11363636363636363,0.11913626209977662,0.43243243243243246,0.0963855421686747,0.05405405405405406,0.012048192771084338
Elk Mountain Ski Resort,Pennsylvania,Pennsylvania,2693,1000,1693,0,,0,0,1,0,5,1,7,27.0,2.0,0.7,180.0,146.0,,60.0,60.0,69.0,100.0,90.0,16,0.12251681390124777,34.74182481434838,0.10569583088667057,,0.045454545454545456,0.06701414743112435,0.25925925925925924,0.03888888888888889,0.0,0.0
Jack Frost,Pennsylvania,Pennsylvania,2000,600,1400,0,,0,0,1,2,5,1,9,20.0,1.0,1.0,100.0,100.0,96.0,47.0,50.0,65.0,105.0,,16,0.12251681390124777,34.74182481434838,0.058719906048150326,0.07717041800643087,0.022727272727272728,,0.45,0.09,0.0,0.0
Liberty,Pennsylvania,Pennsylvania,1190,620,570,0,0.0,0,0,5,0,0,3,8,16.0,3.0,1.0,100.0,100.0,107.0,54.0,31.0,77.0,97.0,100.0,16,0.12251681390124777,34.74182481434838,0.058719906048150326,0.0860128617363344,0.06818181818181818,0.07446016381236038,0.5,0.08,0.0,0.0
Mount Pleasant of Edinboro,Pennsylvania,Pennsylvania,1540,340,1200,0,,0,0,0,1,0,1,2,10.0,,0.5,40.0,35.0,75.0,48.0,100.0,33.0,90.0,35.0,16,0.12251681390124777,34.74182481434838,0.023487962419260128,0.06028938906752412,,0.026061057334326135,0.2,0.05,0.0,0.0
Roundtop Mountain Resort,Pennsylvania,Pennsylvania,1400,600,800,0,0.0,0,0,3,2,0,3,8,20.0,2.0,0.4,103.0,103.0,,55.0,30.0,73.0,,100.0,16,0.12251681390124777,34.74182481434838,0.060481503229594835,,0.045454545454545456,0.07446016381236038,0.4,0.07766990291262135,0.0,0.0
Seven Springs,Pennsylvania,Pennsylvania,2994,750,2240,0,,2,0,3,5,0,4,14,33.0,7.0,1.2,285.0,285.0,99.0,87.0,135.0,87.0,115.0,200.0,16,0.12251681390124777,34.74182481434838,0.1673517322372284,0.07958199356913183,0.1590909090909091,0.14892032762472077,0.42424242424242425,0.04912280701754386,0.0,0.0
Shawnee Mountain Ski Area,Pennsylvania,Pennsylvania,1350,700,650,0,0.0,0,1,1,0,4,4,10,23.0,2.0,1.6,125.0,125.0,100.0,44.0,50.0,65.0,122.0,120.0,16,0.12251681390124777,34.74182481434838,0.07339988256018791,0.08038585209003216,0.045454545454545456,0.08935219657483247,0.43478260869565216,0.08,0.043478260869565216,0.008
Ski Sawmill,Pennsylvania,Pennsylvania,2215,515,1700,0,0.0,0,0,0,1,1,3,5,14.0,1.0,0.1,15.0,13.0,,50.0,24.0,44.0,90.0,15.0,16,0.12251681390124777,34.74182481434838,0.008807985907222548,,0.022727272727272728,0.011169024571854059,0.35714285714285715,0.3333333333333333,0.0,0.0
Tussey Mountain,Pennsylvania,Pennsylvania,1750,520,1230,0,,0,0,1,0,1,3,5,8.0,1.0,0.3,38.0,30.0,100.0,39.0,41.0,45.0,100.0,30.0,16,0.12251681390124777,34.74182481434838,0.022313564298297124,0.08038585209003216,0.022727272727272728,0.022338049143708117,0.625,0.13157894736842105,0.0,0.0
Whitetail Resort,Pennsylvania,Pennsylvania,1800,935,865,0,,0,1,3,0,2,2,8,23.0,2.0,1.0,120.0,120.0,116.0,28.0,40.0,71.0,100.0,120.0,16,0.12251681390124777,34.74182481434838,0.07046388725778038,0.0932475884244373,0.045454545454545456,0.08935219657483247,0.34782608695652173,0.06666666666666667,0.043478260869565216,0.008333333333333333
Deer Mountain Ski Resort,South Dakota,South Dakota,6850,940,6040,0,0.0,0,0,0,1,1,2,4,63.0,2.0,1.6,500.0,50.0,69.0,51.0,200.0,45.0,81.0,,2,0.22607581000136776,2.593495513252762,0.5263157894736842,0.3770491803278688,0.6666666666666666,,0.06349206349206349,0.008,0.0,0.0
Terry Peak Ski Area,South Dakota,South Dakota,7100,1100,5900,0,,0,3,0,1,0,1,5,30.0,1.0,1.2,450.0,225.0,114.0,65.0,150.0,58.0,120.0,,2,0.22607581000136776,2.593495513252762,0.47368421052631576,0.6229508196721312,0.3333333333333333,,0.16666666666666666,0.011111111111111112,0.1,0.006666666666666667
Ober Gatlinburg Ski Resort,Tennessee,Tennessee,3300,600,2700,0,,0,0,2,0,1,1,4,10.0,1.0,1.0,,,83.0,44.0,35.0,65.0,94.0,,1,0.014643059321669063,2.3728170083523157,,1.0,1.0,,0.4,,0.0,
Alta Ski Area,Salt Lake City,Utah,11068,2538,8530,0,0.0,0,3,0,1,2,0,6,116.0,,1.3,2614.0,140.0,150.0,81.0,545.0,116.0,140.0,,12,0.37430309442606546,14.134775080391533,0.11263357462943813,0.10699001426533523,,,0.05172413793103448,0.0022953328232593728,0.02586206896551724,0.0011476664116296864
Beaver Mountain,Utah,Utah,8600,1600,7232,0,0.0,0,0,0,1,3,1,5,48.0,2.0,0.8,464.0,,120.0,81.0,400.0,50.0,120.0,,12,0.37430309442606546,14.134775080391533,0.01999310582557739,0.08559201141226819,0.1111111111111111,,0.10416666666666667,0.010775862068965518,0.0,0.0
Brian Head Resort,Utah,Utah,10970,1548,9600,0,0.0,0,1,0,6,1,0,8,71.0,2.0,0.6,650.0,216.0,149.0,54.0,360.0,59.0,148.0,,12,0.37430309442606546,14.134775080391533,0.028007583591864876,0.10627674750356633,0.1111111111111111,,0.11267605633802817,0.012307692307692308,0.014084507042253521,0.0015384615384615385
Brighton Resort,Salt Lake City,Utah,10500,1745,8755,0,,0,3,1,1,0,2,7,66.0,4.0,1.2,1050.0,200.0,138.0,83.0,500.0,85.0,138.0,200.0,12,0.37430309442606546,14.134775080391533,0.0452430196483971,0.09843081312410841,0.2222222222222222,0.3115264797507788,0.10606060606060606,0.006666666666666667,0.045454545454545456,0.002857142857142857
Deer Valley Resort,Salt Lake City,Utah,9570,3000,6570,1,0.0,0,13,0,5,2,0,21,103.0,,2.8,2026.0,660.0,,39.0,300.0,169.0,,,12,0.37430309442606546,14.134775080391533,0.08729748362633574,,,,0.20388349514563106,0.010365251727541954,0.1262135922330097,0.006416584402764067
Eagle Point,Utah,Utah,10600,1500,9100,0,0.0,0,0,1,1,2,1,5,40.0,1.0,0.9,650.0,,,9.0,400.0,60.0,109.0,,12,0.37430309442606546,14.134775080391533,0.028007583591864876,,0.05555555555555555,,0.125,0.007692307692307693,0.0,0.0
Powder Mountain,Utah,Utah,9422,2522,6900,0,0.0,0,1,4,1,0,3,9,167.0,2.0,3.5,8464.0,,120.0,47.0,500.0,88.0,146.0,300.0,12,0.37430309442606546,14.134775080391533,0.364701826956222,0.08559201141226819,0.1111111111111111,0.4672897196261682,0.05389221556886228,0.0010633270321361058,0.005988023952095809,0.00011814744801512288
Snowbasin,Utah,Utah,9350,2900,6450,3,0.0,1,2,0,3,0,2,11,107.0,4.0,3.5,3000.0,625.0,143.0,79.0,300.0,115.0,138.0,,12,0.37430309442606546,14.134775080391533,0.12926577042399173,0.10199714693295292,0.2222222222222222,,0.102803738317757,0.0036666666666666666,0.018691588785046728,0.0006666666666666666
Snowbird,Salt Lake City,Utah,11000,3240,7760,1,0.0,0,6,0,0,4,3,14,170.0,1.0,2.5,2500.0,,188.0,48.0,500.0,125.0,180.0,2.0,12,0.37430309442606546,14.134775080391533,0.10772147535332643,0.1340941512125535,0.05555555555555555,0.003115264797507788,0.08235294117647059,0.0056,0.03529411764705882,0.0024
Solitude Mountain Resort,Salt Lake City,Utah,10488,2494,7994,0,0.0,0,4,2,1,1,1,9,80.0,,3.0,1200.0,150.0,161.0,62.0,500.0,119.0,148.0,,12,0.37430309442606546,14.134775080391533,0.05170630816959669,0.11483594864479316,,,0.1125,0.0075,0.05,0.0033333333333333335
Sundance,Utah,Utah,8250,2150,6100,0,,0,0,2,2,0,1,5,45.0,1.0,0.6,450.0,112.0,128.0,50.0,320.0,80.0,129.0,,12,0.37430309442606546,14.134775080391533,0.01938986556359876,0.0912981455064194,0.05555555555555555,,0.1111111111111111,0.011111111111111112,0.0,0.0
Nordic Valley Resort,Utah,Utah,6400,960,5440,0,0.0,0,0,0,0,2,2,4,23.0,1.0,0.4,140.0,84.0,105.0,51.0,300.0,50.0,105.0,140.0,12,0.37430309442606546,14.134775080391533,0.0060324026197862805,0.07489300998573467,0.05555555555555555,0.21806853582554517,0.17391304347826086,0.02857142857142857,0.0,0.0
Bolton Valley,Vermont,Vermont,3150,1704,1446,0,0.0,0,0,2,0,3,1,6,71.0,3.0,0.6,300.0,90.0,133.0,53.0,300.0,79.0,132.0,50.0,10,1.602592353390845,103.99334442595674,0.06380263717566993,0.12642585551330798,0.1111111111111111,1.0,0.08450704225352113,0.02,0.0,0.0
Bromley Mountain,Vermont,Vermont,3284,1334,1950,0,,0,1,1,0,4,3,9,47.0,1.0,2.5,178.0,153.0,,83.0,168.0,91.0,152.0,,10,1.602592353390845,103.99334442595674,0.03785623139089749,,0.037037037037037035,,0.19148936170212766,0.05056179775280899,0.02127659574468085,0.0056179775280898875
Burke Mountain,Vermont,Vermont,3267,2011,1210,0,0.0,0,2,1,0,0,3,6,50.0,3.0,2.2,178.0,125.0,110.0,62.0,217.0,73.0,125.0,,10,1.602592353390845,103.99334442595674,0.03785623139089749,0.10456273764258556,0.1111111111111111,,0.12,0.033707865168539325,0.04,0.011235955056179775
Jay Peak,Vermont,Vermont,3968,2153,1815,1,0.0,0,1,3,1,1,2,9,79.0,2.0,3.0,385.0,300.0,155.0,64.0,349.0,89.0,160.0,,10,1.602592353390845,103.99334442595674,0.08188005104210974,0.1473384030418251,0.07407407407407407,,0.11392405063291139,0.023376623376623377,0.012658227848101266,0.0025974025974025974
Killington Resort,Vermont,Vermont,4241,3050,1165,3,0.0,1,5,4,3,1,5,22,155.0,6.0,6.0,1515.0,600.0,192.0,61.0,250.0,119.0,,,10,1.602592353390845,103.99334442595674,0.3222033177371331,0.18250950570342206,0.2222222222222222,,0.14193548387096774,0.014521452145214522,0.03225806451612903,0.0033003300330033004
Magic Mountain,Vermont,Vermont,2850,1500,1350,0,0.0,0,0,0,0,3,3,6,50.0,1.0,1.6,205.0,95.0,76.0,59.0,150.0,74.0,80.0,,10,1.602592353390845,103.99334442595674,0.043598468736707786,0.07224334600760456,0.037037037037037035,,0.12,0.02926829268292683,0.0,0.0
Pico Mountain,Vermont,Vermont,3967,1967,2000,0,0.0,0,2,0,2,2,1,7,59.0,1.0,4.0,260.0,156.0,,82.0,250.0,81.0,,,10,1.602592353390845,103.99334442595674,0.05529561888558061,,0.037037037037037035,,0.11864406779661017,0.026923076923076925,0.03389830508474576,0.007692307692307693
Smugglers' Notch Resort,Vermont,Vermont,3640,2610,1030,0,0.0,0,0,0,0,6,2,8,78.0,6.0,3.0,1000.0,192.0,136.0,63.0,280.0,79.0,135.0,,10,1.602592353390845,103.99334442595674,0.21267545725223308,0.12927756653992395,0.2222222222222222,,0.10256410256410256,0.008,0.0,0.0
Sugarbush,Vermont,Vermont,4083,2600,1483,0,0.0,0,5,5,2,1,3,16,111.0,4.0,3.0,581.0,406.0,150.0,61.0,250.0,119.0,156.0,,10,1.602592353390845,103.99334442595674,0.12356444066354742,0.14258555133079848,0.14814814814814814,,0.14414414414414414,0.027538726333907058,0.04504504504504504,0.008605851979345954
Suicide Six,Vermont,Vermont,1200,650,550,0,,0,0,0,0,2,1,3,24.0,,0.4,100.0,50.0,100.0,85.0,90.0,75.0,106.0,,10,1.602592353390845,103.99334442595674,0.02126754572522331,0.09505703422053231,,,0.125,0.03,0.0,0.0
Bryce Resort,Virginia,Virginia,1750,500,1250,0,,0,0,1,0,1,5,7,8.0,,0.4,25.0,25.0,100.0,54.0,30.0,68.0,95.0,20.0,1,0.011261125569770724,2.337868798803011,1.0,1.0,,1.0,0.875,0.28,0.0,0.0
49 Degrees North,Washington,Washington,5774,1851,3932,0,0.0,0,0,1,0,5,1,7,89.0,1.0,2.0,2325.0,,101.0,48.0,301.0,62.0,135.0,250.0,7,0.09192512619678307,9.817947207495301,0.20430579964850615,0.14809384164222875,0.07142857142857142,0.26997840172786175,0.07865168539325842,0.003010752688172043,0.0,0.0
Bluewood,Washington,Washington,5670,1125,4545,0,0.0,0,0,0,2,0,1,3,24.0,2.0,2.0,355.0,,70.0,40.0,300.0,47.0,110.0,,7,0.09192512619678307,9.817947207495301,0.031195079086115993,0.10263929618768329,0.14285714285714285,,0.125,0.008450704225352112,0.0,0.0
Crystal Mountain,Washington,Washington,7012,3100,4400,1,,2,2,1,2,2,0,10,57.0,1.0,2.5,2600.0,10.0,,57.0,486.0,99.0,,,7,0.09192512619678307,9.817947207495301,0.22847100175746923,,0.07142857142857142,,0.17543859649122806,0.0038461538461538464,0.03508771929824561,0.0007692307692307692
Mt. Baker,Washington,Washington,5000,1500,3500,0,,0,0,8,0,0,2,10,38.0,,0.7,1000.0,,143.0,66.0,663.0,60.01,165.0,,7,0.09192512619678307,9.817947207495301,0.08787346221441125,0.20967741935483872,,,0.2631578947368421,0.01,0.0,0.0
Mt. Spokane Ski and Snowboard Park,Washington,Washington,5889,2000,4200,0,0.0,0,0,0,1,5,1,7,52.0,3.0,0.6,1704.0,,100.0,81.0,300.0,59.0,103.0,45.0,7,0.09192512619678307,9.817947207495301,0.14973637961335676,0.1466275659824047,0.21428571428571427,0.04859611231101512,0.1346153846153846,0.004107981220657277,0.0,0.0
The Summit at Snoqualmie,Washington,Washington,3865,1025,2840,0,,0,3,3,4,10,7,27,112.0,5.0,0.8,1994.0,5.0,120.0,82.0,428.0,95.0,140.0,541.0,7,0.09192512619678307,9.817947207495301,0.17521968365553603,0.17595307917888564,0.35714285714285715,0.5842332613390929,0.24107142857142858,0.01354062186559679,0.026785714285714284,0.0015045135406218655
White Pass,Washington,Washington,6550,2050,4500,0,,0,2,1,1,2,2,8,45.0,2.0,2.5,1402.0,30.0,148.0,67.0,400.0,69.0,144.0,90.0,7,0.09192512619678307,9.817947207495301,0.12319859402460456,0.21700879765395895,0.14285714285714285,0.09719222462203024,0.17777777777777778,0.005706134094151213,0.044444444444444446,0.0014265335235378032
Canaan Valley Resort,West Virginia,West Virginia,4280,850,3430,0,,0,0,1,2,0,1,4,47.0,1.0,1.2,95.0,75.0,,48.0,160.0,68.0,93.0,,4,0.22319597666932456,16.50846058605035,0.1752767527675277,,0.1111111111111111,,0.0851063829787234,0.042105263157894736,0.0,0.0
Snowshoe Mountain Resort,West Virginia,West Virginia,4848,1500,3348,0,,0,3,2,6,0,3,14,60.0,5.0,1.5,257.0,257.0,125.0,46.0,180.0,87.0,138.0,86.0,4,0.22319597666932456,16.50846058605035,0.474169741697417,0.3654970760233918,0.5555555555555556,0.45989304812834225,0.23333333333333334,0.054474708171206226,0.05,0.011673151750972763
Timberline Four Seasons,West Virginia,West Virginia,4265,1000,3268,0,,0,0,0,2,1,1,4,40.0,1.0,2.0,100.0,100.0,97.0,37.0,150.0,92.0,115.0,27.0,4,0.22319597666932456,16.50846058605035,0.18450184501845018,0.28362573099415206,0.1111111111111111,0.1443850267379679,0.1,0.04,0.0,0.0
Winterplace Ski Resort,West Virginia,West Virginia,3600,603,2997,0,,0,0,2,3,2,2,9,27.0,2.0,1.2,90.0,90.0,120.0,36.0,100.0,72.0,120.0,74.0,4,0.22319597666932456,16.50846058605035,0.16605166051660517,0.3508771929824561,0.2222222222222222,0.39572192513368987,0.3333333333333333,0.1,0.0,0.0
Alpine Valley Resort,Wisconsin,Wisconsin,1040,388,820,0,,0,3,0,3,1,5,12,21.0,3.0,0.2,90.0,90.0,100.0,55.0,80.0,65.0,120.0,90.0,15,0.2576242169511926,22.90216196408941,0.05113636363636364,0.06925207756232687,0.06976744186046512,0.08372093023255814,0.5714285714285714,0.13333333333333333,0.14285714285714285,0.03333333333333333
Bruce Mound,Wisconsin,Wisconsin,1375,375,1000,0,0.0,0,0,0,1,0,4,5,12.0,2.0,0.5,40.0,30.0,42.0,71.0,42.0,25.0,42.0,30.0,15,0.2576242169511926,22.90216196408941,0.022727272727272728,0.029085872576177285,0.046511627906976744,0.027906976744186046,0.4166666666666667,0.125,0.0,0.0
Cascade Mountain,Wisconsin,Wisconsin,1280,460,820,0,,0,2,2,3,2,3,12,47.0,4.0,1.1,175.0,175.0,120.0,57.0,56.0,64.0,120.0,,15,0.2576242169511926,22.90216196408941,0.09943181818181818,0.08310249307479224,0.09302325581395349,,0.2553191489361702,0.06857142857142857,0.0425531914893617,0.011428571428571429
Christie Mountain,Wisconsin,Wisconsin,1650,350,1300,0,,0,0,0,0,1,5,6,30.0,4.0,0.8,45.0,41.0,92.0,43.0,48.0,38.0,120.0,35.0,15,0.2576242169511926,22.90216196408941,0.02556818181818182,0.06371191135734072,0.09302325581395349,0.03255813953488372,0.2,0.13333333333333333,0.0,0.0
Devils Head,Wisconsin,Wisconsin,995,500,495,0,,0,0,3,1,6,2,12,27.0,1.0,1.0,260.0,260.0,110.0,48.0,45.0,65.0,135.0,200.0,15,0.2576242169511926,22.90216196408941,0.14772727272727273,0.07617728531855955,0.023255813953488372,0.18604651162790697,0.4444444444444444,0.046153846153846156,0.0,0.0
Grand Geneva,Wisconsin,Wisconsin,1086,211,875,0,,0,0,0,0,3,3,6,20.0,1.0,0.2,30.0,30.0,90.0,25.0,25.0,49.0,93.0,30.0,15,0.2576242169511926,22.90216196408941,0.017045454545454544,0.062326869806094184,0.023255813953488372,0.027906976744186046,0.3,0.2,0.0,0.0
Granite Peak Ski Area,Wisconsin,Wisconsin,1942,700,1242,0,,1,2,0,2,0,2,7,75.0,4.0,0.6,220.0,160.0,136.0,82.0,75.0,92.0,135.0,200.0,15,0.2576242169511926,22.90216196408941,0.125,0.09418282548476455,0.09302325581395349,0.18604651162790697,0.09333333333333334,0.031818181818181815,0.02666666666666667,0.00909090909090909
Little Switzerland,Wisconsin,Wisconsin,1269,200,1069,0,0.0,0,0,0,0,4,4,8,18.0,3.0,1.0,50.0,50.0,,,,41.0,,50.0,15,0.2576242169511926,22.90216196408941,0.028409090909090908,,0.06976744186046512,0.046511627906976744,0.4444444444444444,0.16,0.0,0.0
Mount La Crosse,Wisconsin,Wisconsin,1110,516,594,0,,0,0,0,0,3,1,4,19.0,1.0,0.4,100.0,100.0,115.0,60.0,40.0,56.0,100.0,90.0,15,0.2576242169511926,22.90216196408941,0.056818181818181816,0.0796398891966759,0.023255813953488372,0.08372093023255814,0.21052631578947367,0.04,0.0,0.0
Nordic Mountain,Wisconsin,Wisconsin,1137,265,872,0,,0,0,0,1,1,5,7,18.0,4.0,1.0,60.0,60.0,68.0,43.0,80.0,47.0,90.0,60.0,15,0.2576242169511926,22.90216196408941,0.03409090909090909,0.04709141274238227,0.09302325581395349,0.05581395348837209,0.3888888888888889,0.11666666666666667,0.0,0.0
Sunburst,Wisconsin,Wisconsin,1100,214,866,0,0.0,0,0,0,0,3,6,9,13.0,4.0,0.5,37.0,37.0,99.0,59.0,50.0,44.0,115.0,37.0,15,0.2576242169511926,22.90216196408941,0.021022727272727273,0.0685595567867036,0.09302325581395349,0.03441860465116279,0.6923076923076923,0.24324324324324326,0.0,0.0
Trollhaugen,Wisconsin,Wisconsin,1200,260,920,0,0.0,0,0,2,0,1,5,8,24.0,4.0,0.5,86.0,86.0,130.0,69.0,50.0,54.0,120.0,86.0,15,0.2576242169511926,22.90216196408941,0.048863636363636366,0.09002770083102493,0.09302325581395349,0.08,0.3333333333333333,0.09302325581395349,0.0,0.0
Tyrol Basin,Wisconsin,Wisconsin,1160,300,860,0,0.0,0,0,0,3,0,2,5,18.0,5.0,0.5,32.0,32.0,112.0,61.0,41.0,48.0,103.0,32.0,15,0.2576242169511926,22.90216196408941,0.01818181818181818,0.07756232686980609,0.11627906976744186,0.029767441860465118,0.2777777777777778,0.15625,0.0,0.0
Whitecap Mountain,Wisconsin,Wisconsin,1750,400,1295,0,,0,0,1,0,4,0,5,43.0,1.0,1.0,400.0,300.0,105.0,57.0,200.0,60.0,118.0,,15,0.2576242169511926,22.90216196408941,0.22727272727272727,0.07271468144044321,0.023255813953488372,,0.11627906976744186,0.0125,0.0,0.0
Wilmot Mountain,Wisconsin,Wisconsin,1030,230,800,0,,0,0,3,2,2,3,10,23.0,2.0,0.5,135.0,135.0,125.0,81.0,70.0,66.0,139.0,135.0,15,0.2576242169511926,22.90216196408941,0.07670454545454546,0.0865650969529086,0.046511627906976744,0.12558139534883722,0.43478260869565216,0.07407407407407407,0.0,0.0
Grand Targhee Resort,Wyoming,Wyoming,9920,2270,7851,0,0.0,0,2,2,0,0,1,5,95.0,1.0,2.7,2602.0,,152.0,50.0,500.0,90.0,152.0,,6,1.036700941151671,6.134153946816885,0.6988987375772227,0.2593856655290102,0.14285714285714285,,0.05263157894736842,0.001921598770176787,0.021052631578947368,0.0007686395080707148
Hogadon Basin,Wyoming,Wyoming,8000,640,7400,0,,0,0,0,0,1,1,2,28.0,1.0,0.6,92.0,32.0,121.0,61.0,80.0,48.0,95.0,,6,1.036700941151671,6.134153946816885,0.024711254364759603,0.20648464163822525,0.14285714285714285,,0.07142857142857142,0.021739130434782608,0.0,0.0
Sleeping Giant Ski Resort,Wyoming,Wyoming,7428,810,6619,0,0.0,0,0,0,1,1,1,3,48.0,1.0,1.0,184.0,18.0,61.0,81.0,310.0,42.0,77.0,,6,1.036700941151671,6.134153946816885,0.049422508729519206,0.10409556313993173,0.14285714285714285,,0.0625,0.016304347826086956,0.0,0.0
Snow King Resort,Wyoming,Wyoming,7808,1571,6237,0,,0,0,1,1,1,0,3,32.0,2.0,1.0,400.0,250.0,121.0,80.0,300.0,59.0,123.0,110.0,6,1.036700941151671,6.134153946816885,0.10744023636852001,0.20648464163822525,0.2857142857142857,1.0,0.09375,0.0075,0.0,0.0
Snowy Range Ski & Recreation Area,Wyoming,Wyoming,9663,990,8798,0,0.0,0,0,0,1,3,1,5,33.0,2.0,0.7,75.0,30.0,131.0,59.0,250.0,49.0,,,6,1.036700941151671,6.134153946816885,0.020145044319097503,0.2235494880546075,0.2857142857142857,,0.15151515151515152,0.06666666666666667,0.0,0.0
White Pine Ski Area,Wyoming,Wyoming,9500,1100,8400,0,,0,0,0,2,0,0,2,25.0,,0.4,370.0,,,81.0,150.0,49.0,,,6,1.036700941151671,6.134153946816885,0.09938221864088101,,,,0.08,0.005405405405405406,0.0,0.0
